latitude,longitude,event_date,elevation,slope,aspect,curvature,landslide_type,state,region,source,landslide,provenance,rain_24h,rain_72h,rain_7d,rain_14d,rainfall_intensity,rain_ratio_72h_7d,terrain_ruggedness,aspect_sin,aspect_cos,historical_landslide_density,landcover,event_year
27.28073438539538,88.57053834258154,2017-07-15,1268.5740831,39.287769741,122.18128798,-30766613.556,Debris flow,Sikkim,Gangtok / Teesta Basin,Zenodo 8169506 (Sikkim multi-temporal inventory),1,recorded_landslide_in_inventory,4.2,13.4,184.6,543.8,0.31343283582089554,0.07258938244853738,49.84,0.846,-0.533,2,3,2017
27.25534523128074,88.63093819820688,2017-07-15,1967.7129313,30.884160572,229.92302619,-71851756.889,Debris flow,Sikkim,Gangtok / Teesta Basin,Zenodo 8169506 (Sikkim multi-temporal inventory),1,recorded_landslide_in_inventory,23.7,39.2,260.5,639.0,0.6045918367346939,0.15047984644913628,60.77,-0.765,-0.644,0,2,2017
27.30864166666666,88.66735833333334,2012-07-15,2048.8919406,29.478448656,161.29719374,35550114.222,Debris flow,Sikkim,Gangtok / Teesta Basin,Zenodo 8169506 (Sikkim multi-temporal inventory),1,recorded_landslide_in_inventory,120.6,181.6,325.0,712.7,0.6640969162995595,0.5587692307692308,60.4,0.321,-0.947,2,2,2012
27.26288611111112,88.59082222222222,2017-07-15,960.74382867,44.812948015,330.40676202,155506752.0,Debris flow,Sikkim,Gangtok / Teesta Basin,Zenodo 8169506 (Sikkim multi-temporal inventory),1,recorded_landslide_in_inventory,1.4,10.0,221.6,669.5,0.13999999999999999,0.04512635379061372,43.05,-0.494,0.87,2,3,2017
27.32809315135169,88.62380516376776,2017-07-15,1387.90743,29.063779619,85.423542447,5733764.0885,Debris flow,Sikkim,Gangtok / Teesta Basin,Zenodo 8169506 (Sikkim multi-temporal inventory),1,recorded_landslide_in_inventory,12.4,26.5,192.4,485.2,0.4679245283018868,0.13773388773388773,40.34,0.997,0.08,3,2,2017
27.35486944444445,88.66125833333334,2011-07-15,1768.0617405,45.85354699,169.09820048,69309522.667,Debris flow,Sikkim,Gangtok / Teesta Basin,Zenodo 8169506 (Sikkim multi-temporal inventory),1,recorded_landslide_in_inventory,29.5,141.0,242.1,510.1,0.20921985815602837,0.5824039653035936,81.07,0.189,-0.982,2,3,2011
27.35799166666667,88.66255833333334,2010-07-15,2040.2376573,43.408995734,171.08817546,-70626457.722,Debris flow,Sikkim,Gangtok / Teesta Basin,Zenodo 8169506 (Sikkim multi-temporal inventory),1,recorded_landslide_in_inventory,20.0,76.7,377.2,709.5,0.2607561929595828,0.2033404029692471,88.56,0.155,-0.988,0,3,2010
27.35724722222222,88.66389444444445,2010-07-15,1956.9753011,43.613314311,176.82611254,121028817.33,Debris flow,Sikkim,Gangtok / Teesta Basin,Zenodo 8169506 (Sikkim multi-temporal inventory),1,recorded_landslide_in_inventory,20.0,76.7,377.2,709.5,0.2607561929595828,0.2033404029692471,85.35,0.055,-0.998,0,3,2010
27.352625,88.65876111111112,2012-07-15,1615.1358236,46.212288751,144.40456814,-108701724.21999998,Debris flow,Sikkim,Gangtok / Teesta Basin,Zenodo 8169506 (Sikkim multi-temporal inventory),1,recorded_landslide_in_inventory,120.6,181.6,325.0,712.7,0.6640969162995595,0.5587692307692308,74.64,0.582,-0.813,3,3,2012
27.29975,88.69376111111112,2010-07-15,2585.0616591,33.49731085,261.59880405,-18752487.111,Debris flow,Sikkim,Gangtok / Teesta Basin,Zenodo 8169506 (Sikkim multi-temporal inventory),1,recorded_landslide_in_inventory,20.0,76.7,377.2,709.5,0.2607561929595828,0.2033404029692471,86.59,-0.989,-0.146,0,3,2010
27.38047000212643,88.68308427441023,2017-07-15,3324.0123155,25.217291832,215.55509271,195690694.22,Debris flow,Sikkim,Gangtok / Teesta Basin,Zenodo 8169506 (Sikkim multi-temporal inventory),1,recorded_landslide_in_inventory,23.3,48.9,215.2,446.8,0.47648261758691207,0.22723048327137546,83.82,-0.581,-0.814,4,3,2017
27.26688611111111,88.557125,2011-07-15,913.63579644,43.266841888,181.30348036,151673248.22,Debris flow,Sikkim,Gangtok / Teesta Basin,Zenodo 8169506 (Sikkim multi-temporal inventory),1,recorded_landslide_in_inventory,26.8,159.0,304.2,710.1,0.16855345911949687,0.5226824457593688,39.53,-0.023,-1.0,0,3,2011
27.26787777777778,88.5586111111111,2017-07-15,969.87653944,42.543979221,180.83039008,-39642329.583,Debris flow,Sikkim,Gangtok / Teesta Basin,Zenodo 8169506 (Sikkim multi-temporal inventory),1,recorded_landslide_in_inventory,1.4,10.0,221.6,669.5,0.13999999999999999,0.04512635379061372,41.26,-0.014,-1.0,2,3,2017
27.28628611111111,88.54847777777778,2011-07-15,1619.6388889,41.04445733,151.01867676,-22871114.625,Debris flow,Sikkim,Gangtok / Teesta Basin,Zenodo 8169506 (Sikkim multi-temporal inventory),1,recorded_landslide_in_inventory,26.8,159.0,304.2,710.1,0.16855345911949687,0.5226824457593688,66.48,0.485,-0.875,0,3,2011
27.25210683417693,88.68219186467816,2017-07-15,1958.2592638,31.961149851,98.072926839,41548876.778,Debris flow,Sikkim,Gangtok / Teesta Basin,Zenodo 8169506 (Sikkim multi-temporal inventory),1,recorded_landslide_in_inventory,30.2,50.5,267.5,559.8,0.598019801980198,0.18878504672897195,62.59,0.99,-0.14,4,2,2017
27.19174595343439,88.64391913232053,2017-07-15,1080.8549262,40.383285522,341.55588108,80084028.52799998,Debris flow,Sikkim,Gangtok / Teesta Basin,Zenodo 8169506 (Sikkim multi-temporal inventory),1,recorded_landslide_in_inventory,2.0,19.6,349.6,768.0,0.1020408163265306,0.05606407322654462,43.65,-0.316,0.949,0,3,2017
27.28974742811852,88.74852563526115,2011-07-15,2211.9814996,49.43006897,128.7672916,-157225937.78,Debris flow,Sikkim,Gangtok / Teesta Basin,Zenodo 8169506 (Sikkim multi-temporal inventory),1,recorded_landslide_in_inventory,29.5,141.0,242.1,510.1,0.20921985815602837,0.5824039653035936,109.34,0.78,-0.626,2,3,2011
27.26222246906145,88.73167796945613,2017-07-15,1854.3055284,35.547865126,271.40871006,-215077980.44,Debris flow,Sikkim,Gangtok / Teesta Basin,Zenodo 8169506 (Sikkim multi-temporal inventory),1,recorded_landslide_in_inventory,23.7,39.2,260.5,639.0,0.6045918367346939,0.15047984644913628,65.92,-1.0,0.025,19,3,2017
27.33162777777778,88.86180470109319,2017-07-15,4147.0401476,39.836405648,141.08329264,65133694.889,Debris flow,Sikkim,Gangtok / Teesta Basin,Zenodo 8169506 (Sikkim multi-temporal inventory),1,recorded_landslide_in_inventory,2.0,21.0,199.5,453.4,0.09523809523809523,0.10526315789473684,165.2,0.628,-0.778,2,3,2017
27.33007877526835,88.85977316426641,2017-07-15,4148.4135742,43.014732785,118.03019206,8586954.6667,Debris flow,Sikkim,Gangtok / Teesta Basin,Zenodo 8169506 (Sikkim multi-temporal inventory),1,recorded_landslide_in_inventory,2.0,21.0,199.5,453.4,0.09523809523809523,0.10526315789473684,178.44,0.883,-0.47,2,3,2017
27.3294340174302,88.85915227076975,2017-07-15,4160.1450738,37.029640834,141.54912313,177929877.33,Debris flow,Sikkim,Gangtok / Teesta Basin,Zenodo 8169506 (Sikkim multi-temporal inventory),1,recorded_landslide_in_inventory,2.0,21.0,199.5,453.4,0.09523809523809523,0.10526315789473684,154.05,0.622,-0.783,2,3,2017
27.29094683741536,88.87426383055326,2017-07-15,3351.9228516,40.348316616,139.761478,100226770.94,Debris flow,Sikkim,Gangtok / Teesta Basin,Zenodo 8169506 (Sikkim multi-temporal inventory),1,recorded_landslide_in_inventory,8.8,36.0,230.1,514.4,0.24444444444444446,0.15645371577574968,135.24,0.646,-0.763,5,3,2017
27.41098611111111,88.75459416488353,2017-07-15,3838.3796658,44.361897363,20.615549511,127298131.22,Debris flow,Sikkim,Gangtok / Teesta Basin,Zenodo 8169506 (Sikkim multi-temporal inventory),1,recorded_landslide_in_inventory,19.4,47.4,225.0,496.1,0.4092827004219409,0.21066666666666667,170.28,0.352,0.936,0,3,2017
27.41181156201286,88.74598902239659,2017-07-15,3852.1173231,38.599991904,268.60417345,98154514.833,Debris flow,Sikkim,Gangtok / Teesta Basin,Zenodo 8169506 (Sikkim multi-temporal inventory),1,recorded_landslide_in_inventory,19.4,47.4,225.0,496.1,0.4092827004219409,0.21066666666666667,148.69,-1.0,-0.024,0,3,2017
27.28504021971184,88.79251830306967,2017-07-15,3372.5308431,42.14139684,227.49454414,17417922.333,Debris flow,Sikkim,Gangtok / Teesta Basin,Zenodo 8169506 (Sikkim multi-temporal inventory),1,recorded_landslide_in_inventory,15.6,43.9,231.0,540.9,0.3553530751708428,0.19004329004329004,142.12,-0.737,-0.676,9,3,2017
27.39428131221561,88.82048835549513,2017-07-15,4469.6142578,20.48010095,238.35524326,125617383.56,Debris flow,Sikkim,Gangtok / Teesta Basin,Zenodo 8169506 (Sikkim multi-temporal inventory),1,recorded_landslide_in_inventory,11.4,42.2,201.6,436.9,0.27014218009478674,0.20932539682539686,91.54,-0.851,-0.525,0,3,2017
27.38234357101308,88.74135653941927,2017-07-15,3649.6388889,29.275976605,331.9520874,89263062.111,Debris flow,Sikkim,Gangtok / Teesta Basin,Zenodo 8169506 (Sikkim multi-temporal inventory),1,recorded_landslide_in_inventory,19.4,47.4,225.0,496.1,0.4092827004219409,0.21066666666666667,106.85,-0.47,0.883,0,3,2017
27.40117613418454,88.81546101380998,2017-07-15,4480.4351671,24.679123561,258.59152561,123301414.22,Debris flow,Sikkim,Gangtok / Teesta Basin,Zenodo 8169506 (Sikkim multi-temporal inventory),1,recorded_landslide_in_inventory,11.4,42.2,201.6,436.9,0.27014218009478674,0.20932539682539686,110.57,-0.98,-0.198,0,3,2017
27.39767848740543,88.81353310482173,2017-07-15,4358.8179253,39.744684855,274.55593194,-2932227.0833,Debris flow,Sikkim,Gangtok / Teesta Basin,Zenodo 8169506 (Sikkim multi-temporal inventory),1,recorded_landslide_in_inventory,11.4,42.2,201.6,436.9,0.27014218009478674,0.20932539682539686,173.24,-0.997,0.079,0,3,2017
27.39797224560936,88.81427029311833,2017-07-15,4400.3549262,40.430790795,289.99445936,38693372.139,Debris flow,Sikkim,Gangtok / Teesta Basin,Zenodo 8169506 (Sikkim multi-temporal inventory),1,recorded_landslide_in_inventory,11.4,42.2,201.6,436.9,0.27014218009478674,0.20932539682539686,177.91,-0.94,0.342,0,3,2017
27.41100045784546,88.75182980441224,2017-07-15,3851.6296115,42.119812859,327.08626302,21686023.778,Debris flow,Sikkim,Gangtok / Teesta Basin,Zenodo 8169506 (Sikkim multi-temporal inventory),1,recorded_landslide_in_inventory,19.4,47.4,225.0,496.1,0.4092827004219409,0.21066666666666667,162.23,-0.543,0.839,0,3,2017
27.286875,88.73990555555555,2011-07-15,2089.3857829,52.807376862,137.78555128,-55255809.938,Debris flow,Sikkim,Gangtok / Teesta Basin,Zenodo 8169506 (Sikkim multi-temporal inventory),1,recorded_landslide_in_inventory,29.5,141.0,242.1,510.1,0.20921985815602837,0.5824039653035936,110.33,0.672,-0.741,3,3,2011
27.2703586795352,88.85630846700964,2011-07-15,3072.0833605,41.448216756,164.41541714,-156572566.33,Debris flow,Sikkim,Gangtok / Teesta Basin,Zenodo 8169506 (Sikkim multi-temporal inventory),1,recorded_landslide_in_inventory,30.8,125.8,178.4,321.2,0.24483306836248014,0.7051569506726457,127.33,0.269,-0.963,0,3,2011
27.29192233711034,88.84036757844505,2017-07-15,3568.2623427,29.364418877,174.46335178,35840264.889,Debris flow,Sikkim,Gangtok / Teesta Basin,Zenodo 8169506 (Sikkim multi-temporal inventory),1,recorded_landslide_in_inventory,8.8,36.0,230.1,514.4,0.24444444444444446,0.15645371577574968,104.78,0.096,-0.995,5,3,2017
27.29244971029751,88.84062111228512,2017-07-15,3599.7499729,31.115251541,198.73136902,110566174.89,Debris flow,Sikkim,Gangtok / Teesta Basin,Zenodo 8169506 (Sikkim multi-temporal inventory),1,recorded_landslide_in_inventory,8.8,36.0,230.1,514.4,0.24444444444444446,0.15645371577574968,112.01,-0.321,-0.947,5,3,2017
27.35604556650621,88.82425738107906,2017-07-15,4038.4721951,46.590858883,145.2409668,120861711.56,Debris flow,Sikkim,Gangtok / Teesta Basin,Zenodo 8169506 (Sikkim multi-temporal inventory),1,recorded_landslide_in_inventory,11.4,42.2,201.6,436.9,0.27014218009478674,0.20932539682539686,188.16,0.57,-0.822,0,3,2017
27.31521415421343,88.86251265193629,2017-07-15,3882.0833605,36.943109724,215.72087606,-8297513.1111,Debris flow,Sikkim,Gangtok / Teesta Basin,Zenodo 8169506 (Sikkim multi-temporal inventory),1,recorded_landslide_in_inventory,2.0,21.0,199.5,453.4,0.09523809523809523,0.10526315789473684,143.42,-0.584,-0.812,2,3,2017
27.30451934574344,88.8827354489395,2011-07-15,3648.3549533,37.260077582,237.57852342,-18172895.139,Debris flow,Sikkim,Gangtok / Teesta Basin,Zenodo 8169506 (Sikkim multi-temporal inventory),1,recorded_landslide_in_inventory,30.8,125.8,178.4,321.2,0.24483306836248014,0.7051569506726457,135.94,-0.844,-0.536,0,3,2011
27.28327412582142,88.88891076512013,2017-07-15,3609.3271484,24.434056388,253.45216031,-52108742.667,Debris flow?,Sikkim,Gangtok / Teesta Basin,Zenodo 8169506 (Sikkim multi-temporal inventory),1,recorded_landslide_in_inventory,8.8,36.0,230.1,514.4,0.24444444444444446,0.15645371577574968,88.19,-0.959,-0.285,3,3,2017
27.29169828518166,88.84007468411453,2017-07-15,3558.2839627,28.654762056,168.67681376,55387105.778,Debris flow,Sikkim,Gangtok / Teesta Basin,Zenodo 8169506 (Sikkim multi-temporal inventory),1,recorded_landslide_in_inventory,8.8,36.0,230.1,514.4,0.24444444444444446,0.15645371577574968,101.96,0.196,-0.981,5,3,2017
27.24694166666667,88.78705,2011-07-15,2642.3611111,39.797197978,153.17623732,-101489100.67,Debris flow,Sikkim,Gangtok / Teesta Basin,Zenodo 8169506 (Sikkim multi-temporal inventory),1,recorded_landslide_in_inventory,29.5,141.0,242.1,510.1,0.20921985815602837,0.5824039653035936,105.16,0.451,-0.892,2,3,2011
27.23971944444445,88.7763138888889,2010-07-15,2187.3271213,27.789340973,105.96667226,-62154504.222,Debris flow,Sikkim,Gangtok / Teesta Basin,Zenodo 8169506 (Sikkim multi-temporal inventory),1,recorded_landslide_in_inventory,20.0,76.7,377.2,709.5,0.2607561929595828,0.2033404029692471,60.78,0.961,-0.275,0,2,2010
27.26429722222223,88.83901666666667,2011-07-15,2535.8796115,42.504950629,210.64685906,10312915.444,Debris flow,Sikkim,Gangtok / Teesta Basin,Zenodo 8169506 (Sikkim multi-temporal inventory),1,recorded_landslide_in_inventory,29.5,141.0,242.1,510.1,0.20921985815602837,0.5824039653035936,107.79,-0.51,-0.86,0,3,2011
27.26833055555555,88.83188888888888,2011-07-15,2665.2993435,36.908766429,228.05510966,128966655.56,Debris flow,Sikkim,Gangtok / Teesta Basin,Zenodo 8169506 (Sikkim multi-temporal inventory),1,recorded_landslide_in_inventory,29.5,141.0,242.1,510.1,0.20921985815602837,0.5824039653035936,98.37,-0.744,-0.668,0,3,2011
27.29276388888889,88.77533611111112,2011-07-15,2856.0432129,42.062105815,153.41199748,157480212.89,Debris flow,Sikkim,Gangtok / Teesta Basin,Zenodo 8169506 (Sikkim multi-temporal inventory),1,recorded_landslide_in_inventory,29.5,141.0,242.1,510.1,0.20921985815602837,0.5824039653035936,120.13,0.448,-0.894,0,3,2011
27.29582222222223,88.78614722222223,2011-07-15,3130.9814724,48.248081631,215.46376885,94864791.111,Debris flow?,Sikkim,Gangtok / Teesta Basin,Zenodo 8169506 (Sikkim multi-temporal inventory),1,recorded_landslide_in_inventory,25.4,128.2,236.2,486.6,0.1981279251170047,0.5427603725656224,151.06,-0.58,-0.814,0,3,2011
27.41307090535702,88.76545478239635,2017-07-15,3748.7932129,39.279401143,333.71710205,-121882096.21999995,Debris flow,Sikkim,Gangtok / Teesta Basin,Zenodo 8169506 (Sikkim multi-temporal inventory),1,recorded_landslide_in_inventory,11.4,42.2,201.6,436.9,0.27014218009478674,0.20932539682539686,147.25,-0.443,0.897,0,3,2017
27.25164444444445,88.74196388888889,2010-07-15,2369.8827311,31.169343101,146.89472792,125420406.89,Debris flow?,Sikkim,Gangtok / Teesta Basin,Zenodo 8169506 (Sikkim multi-temporal inventory),1,recorded_landslide_in_inventory,20.0,76.7,377.2,709.5,0.2607561929595828,0.2033404029692471,73.87,0.546,-0.838,0,2,2010
27.29145277777778,88.70227777777778,2011-07-15,2299.6049262,37.685133192,161.8199429,144142501.11,Debris flow,Sikkim,Gangtok / Teesta Basin,Zenodo 8169506 (Sikkim multi-temporal inventory),1,recorded_landslide_in_inventory,29.5,141.0,242.1,510.1,0.20921985815602837,0.5824039653035936,86.66,0.312,-0.95,2,3,2011
27.28393888888889,88.71533333333333,2011-07-15,1533.8796251,49.243693458,151.4434611,93384304.444,Debris flow,Sikkim,Gangtok / Teesta Basin,Zenodo 8169506 (Sikkim multi-temporal inventory),1,recorded_landslide_in_inventory,29.5,141.0,242.1,510.1,0.20921985815602837,0.5824039653035936,75.53,0.478,-0.878,3,3,2011
27.28454166666667,88.71551111111111,2011-07-15,1562.4290229,47.911933899,131.92601522,122188873.44,Debris flow,Sikkim,Gangtok / Teesta Basin,Zenodo 8169506 (Sikkim multi-temporal inventory),1,recorded_landslide_in_inventory,29.5,141.0,242.1,510.1,0.20921985815602837,0.5824039653035936,74.86,0.744,-0.668,3,3,2011
27.28466666666667,88.71256666666667,2011-07-15,1648.0123562,35.137825224,168.22612847,-203150580.0,Debris flow,Sikkim,Gangtok / Teesta Basin,Zenodo 8169506 (Sikkim multi-temporal inventory),1,recorded_landslide_in_inventory,26.8,159.0,304.2,710.1,0.16855345911949687,0.5226824457593688,57.91,0.204,-0.979,3,3,2011
27.28579444444445,88.73972222222223,2011-07-15,2016.0956624,45.646332635,146.06527201,54101942.222,Debris flow,Sikkim,Gangtok / Teesta Basin,Zenodo 8169506 (Sikkim multi-temporal inventory),1,recorded_landslide_in_inventory,29.5,141.0,242.1,510.1,0.20921985815602837,0.5824039653035936,92.03,0.558,-0.83,3,3,2011
27.28455833333334,88.74000555555556,2011-07-15,1868.8364258,56.152946472,145.18504673,191233447.11,Debris flow,Sikkim,Gangtok / Teesta Basin,Zenodo 8169506 (Sikkim multi-temporal inventory),1,recorded_landslide_in_inventory,29.5,141.0,242.1,510.1,0.20921985815602837,0.5824039653035936,104.94,0.571,-0.821,3,3,2011
27.28396388888889,88.73071388888889,2011-07-15,1617.3179118,48.137546115,175.5536872,-52481875.167,Debris flow,Sikkim,Gangtok / Teesta Basin,Zenodo 8169506 (Sikkim multi-temporal inventory),1,recorded_landslide_in_inventory,29.5,141.0,242.1,510.1,0.20921985815602837,0.5824039653035936,77.85,0.078,-0.997,3,3,2011
27.30692222222222,88.72035277777778,2011-07-15,2108.5894911,46.970360226,105.93602159,50513060.667,Debris flow,Sikkim,Gangtok / Teesta Basin,Zenodo 8169506 (Sikkim multi-temporal inventory),1,recorded_landslide_in_inventory,29.5,141.0,242.1,510.1,0.20921985815602837,0.5824039653035936,99.04,0.962,-0.275,2,3,2011
27.30773611111111,88.72998333333334,2011-07-15,2038.0648193,44.468024784,259.71700033,236060096.0,Debris flow,Sikkim,Gangtok / Teesta Basin,Zenodo 8169506 (Sikkim multi-temporal inventory),1,recorded_landslide_in_inventory,29.5,141.0,242.1,510.1,0.20921985815602837,0.5824039653035936,90.63,-0.984,-0.179,2,3,2011
27.29695555555556,88.75791111111111,2011-07-15,2584.9475098,32.753902435,148.95639208,-3509408.0,Debris flow,Sikkim,Gangtok / Teesta Basin,Zenodo 8169506 (Sikkim multi-temporal inventory),1,recorded_landslide_in_inventory,29.5,141.0,242.1,510.1,0.20921985815602837,0.5824039653035936,84.67,0.516,-0.857,1,3,2011
27.30737777777778,88.74410833333333,2011-07-15,2897.3457031,45.673450894,138.55799866,177493700.22,Debris flow,Sikkim,Gangtok / Teesta Basin,Zenodo 8169506 (Sikkim multi-temporal inventory),1,recorded_landslide_in_inventory,29.5,141.0,242.1,510.1,0.20921985815602837,0.5824039653035936,132.33,0.662,-0.75,1,3,2011
27.30657222222221,88.74369444444444,2011-07-15,2877.0493978,39.447432624,153.32406616,334671492.44,Debris flow,Sikkim,Gangtok / Teesta Basin,Zenodo 8169506 (Sikkim multi-temporal inventory),1,recorded_landslide_in_inventory,29.5,141.0,242.1,510.1,0.20921985815602837,0.5824039653035936,113.49,0.449,-0.894,2,3,2011
27.29933611111111,88.77169166666667,2011-07-15,3087.6203885,44.987089793,215.19589572,239678617.33,Debris flow,Sikkim,Gangtok / Teesta Basin,Zenodo 8169506 (Sikkim multi-temporal inventory),1,recorded_landslide_in_inventory,29.5,141.0,242.1,510.1,0.20921985815602837,0.5824039653035936,138.9,-0.576,-0.817,0,3,2011
27.29409722222222,88.75883611111111,2011-07-15,2350.3981662,44.036753337,141.4130639,-70306499.75,Debris flow,Sikkim,Gangtok / Teesta Basin,Zenodo 8169506 (Sikkim multi-temporal inventory),1,recorded_landslide_in_inventory,29.5,141.0,242.1,510.1,0.20921985815602837,0.5824039653035936,103.5,0.624,-0.782,1,3,2011
27.30500833333333,88.88196111111111,2011-07-15,3621.2839355,31.174470266,248.70966424,98753100.667,Debris flow,Sikkim,Gangtok / Teesta Basin,Zenodo 8169506 (Sikkim multi-temporal inventory),1,recorded_landslide_in_inventory,25.2,100.6,149.4,259.3,0.25049701789264417,0.6733601070950468,112.89,-0.932,-0.363,0,3,2011
27.29390398562222,88.7495911462523,2017-07-15,2231.8364529,38.924688551,86.026110331,141511352.44,Debris flow,Sikkim,Gangtok / Teesta Basin,Zenodo 8169506 (Sikkim multi-temporal inventory),1,recorded_landslide_in_inventory,30.2,50.5,267.5,559.8,0.598019801980198,0.18878504672897195,86.87,0.998,0.069,31,3,2017
27.27645479310381,88.79754610840237,2017-07-15,3641.7963053,19.05934408,250.27804057,93531095.701,Debris flow,Sikkim,Gangtok / Teesta Basin,Zenodo 8169506 (Sikkim multi-temporal inventory),1,recorded_landslide_in_inventory,8.8,36.0,230.1,514.4,0.24444444444444446,0.15645371577574968,69.41,-0.941,-0.337,10,3,2017
27.29161188257799,88.75007560026702,2017-07-15,2154.2006565,40.574465858,97.471321954,-228105780.22,Debris flow,Sikkim,Gangtok / Teesta Basin,Zenodo 8169506 (Sikkim multi-temporal inventory),1,recorded_landslide_in_inventory,30.2,50.5,267.5,559.8,0.598019801980198,0.18878504672897195,87.41,0.992,-0.13,31,3,2017
27.27846944444444,88.79468333333332,2017-07-15,3439.8241102,34.296261258,274.13989258,-37261732.806,Debris flow,Sikkim,Gangtok / Teesta Basin,Zenodo 8169506 (Sikkim multi-temporal inventory),1,recorded_landslide_in_inventory,15.6,43.9,231.0,540.9,0.3553530751708428,0.19004329004329004,117.97,-0.997,0.072,11,3,2017
27.39307270497994,88.68033287587353,2017-07-15,2917.0833333,43.360586802,270.18650648,-22530920.889,Debris flow,Sikkim,Gangtok / Teesta Basin,Zenodo 8169506 (Sikkim multi-temporal inventory),1,recorded_landslide_in_inventory,22.8,45.9,227.8,478.8,0.49673202614379086,0.2014925373134328,126.49,-1.0,0.003,5,3,2017
27.39383957010557,88.68120913031072,2017-07-15,2973.8364258,27.728068882,281.91321818,40624351.444,Debris flow,Sikkim,Gangtok / Teesta Basin,Zenodo 8169506 (Sikkim multi-temporal inventory),1,recorded_landslide_in_inventory,22.8,45.9,227.8,478.8,0.49673202614379086,0.2014925373134328,82.46,-0.978,0.206,4,3,2017
27.39179722222222,88.67811666666667,2017-07-15,2748.5247396,35.795506583,306.90535482,-260869774.22,Debris flow,Sikkim,Gangtok / Teesta Basin,Zenodo 8169506 (Sikkim multi-temporal inventory),1,recorded_landslide_in_inventory,22.8,45.9,227.8,478.8,0.49673202614379086,0.2014925373134328,98.38,-0.8,0.6,5,3,2017
27.40390333690794,88.70941133300761,2017-07-15,3504.5864258,27.346776115,243.00549316,237811940.44,Debris flow,Sikkim,Gangtok / Teesta Basin,Zenodo 8169506 (Sikkim multi-temporal inventory),1,recorded_landslide_in_inventory,19.4,47.4,225.0,496.1,0.4092827004219409,0.21066666666666667,95.84,-0.891,-0.454,0,3,2017
27.30452381400508,88.72083547491528,2010-07-15,1979.2006293,57.717934926,111.83025021,302617780.89,Debris flow,Sikkim,Gangtok / Teesta Basin,Zenodo 8169506 (Sikkim multi-temporal inventory),1,recorded_landslide_in_inventory,20.0,76.7,377.2,709.5,0.2607561929595828,0.2033404029692471,114.24,0.928,-0.372,0,3,2010
27.19613611111111,88.72096111111111,2011-07-15,1371.8487549,32.757244746,97.903861152,-21167273.345,Debris flow,Sikkim,Gangtok / Teesta Basin,Zenodo 8169506 (Sikkim multi-temporal inventory),1,recorded_landslide_in_inventory,45.5,127.2,187.0,457.2,0.3577044025157233,0.6802139037433155,44.94,0.991,-0.138,0,2,2011
27.30923029835148,88.72246040182499,2011-07-15,1995.1851942,57.09408866,128.66777378,-48373276.333,Debris flow,Sikkim,Gangtok / Teesta Basin,Zenodo 8169506 (Sikkim multi-temporal inventory),1,recorded_landslide_in_inventory,29.5,141.0,242.1,510.1,0.20921985815602837,0.5824039653035936,113.91,0.781,-0.625,2,3,2011
27.30038611111112,88.71930555555556,2011-07-15,1992.7191569,53.379837884,117.67429352,248399955.56,Debris flow,Sikkim,Gangtok / Teesta Basin,Zenodo 8169506 (Sikkim multi-temporal inventory),1,recorded_landslide_in_inventory,29.5,141.0,242.1,510.1,0.20921985815602837,0.5824039653035936,106.37,0.886,-0.464,2,3,2011
27.29355833333333,88.717825,2011-07-15,1846.0216064,37.232785967,135.10415904,52229090.889,Debris flow,Sikkim,Gangtok / Teesta Basin,Zenodo 8169506 (Sikkim multi-temporal inventory),1,recorded_landslide_in_inventory,29.5,141.0,242.1,510.1,0.20921985815602837,0.5824039653035936,68.73,0.706,-0.708,2,3,2011
27.29686388888889,88.71896666666667,2011-07-15,1827.8456896,63.999013689,103.19099087,-259624497.78,Debris flow,Sikkim,Gangtok / Teesta Basin,Zenodo 8169506 (Sikkim multi-temporal inventory),1,recorded_landslide_in_inventory,29.5,141.0,242.1,510.1,0.20921985815602837,0.5824039653035936,116.98,0.974,-0.228,2,3,2011
27.2516,88.79554444444445,2011-07-15,2924.9536947,45.82308197,188.09582689,192397396.5,Debris flow,Sikkim,Gangtok / Teesta Basin,Zenodo 8169506 (Sikkim multi-temporal inventory),1,recorded_landslide_in_inventory,29.5,141.0,242.1,510.1,0.20921985815602837,0.5824039653035936,134.03,-0.141,-0.99,1,3,2011
27.30835630000655,88.7213211418203,2011-07-15,2065.9814996,56.893426683,118.3053894,6257655.1111,Debris flow,Sikkim,Gangtok / Teesta Basin,Zenodo 8169506 (Sikkim multi-temporal inventory),1,recorded_landslide_in_inventory,29.5,141.0,242.1,510.1,0.20921985815602837,0.5824039653035936,117.54,0.88,-0.474,2,3,2011
27.30124166666667,88.71953611111111,2011-07-15,2005.4629991,50.535063426,108.15418582,266678607.11,Debris flow,Sikkim,Gangtok / Teesta Basin,Zenodo 8169506 (Sikkim multi-temporal inventory),1,recorded_landslide_in_inventory,29.5,141.0,242.1,510.1,0.20921985815602837,0.5824039653035936,101.35,0.95,-0.312,2,3,2011
27.30213333333333,88.72052222222223,2011-07-15,1899.6882731,41.841490852,108.4813953,-208298110.22,Debris flow,Sikkim,Gangtok / Teesta Basin,Zenodo 8169506 (Sikkim multi-temporal inventory),1,recorded_landslide_in_inventory,29.5,141.0,242.1,510.1,0.20921985815602837,0.5824039653035936,79.49,0.948,-0.317,2,3,2011
27.30571944444445,88.72093611111111,2011-07-15,2027.4383138,47.78560808,96.318543328,192989750.89,Debris flow,Sikkim,Gangtok / Teesta Basin,Zenodo 8169506 (Sikkim multi-temporal inventory),1,recorded_landslide_in_inventory,29.5,141.0,242.1,510.1,0.20921985815602837,0.5824039653035936,96.88,0.994,-0.11,2,3,2011
27.30852099877428,88.72153486550467,2011-07-15,2049.6296522,57.86491055,121.69872369,-47710854.222,Debris flow,Sikkim,Gangtok / Teesta Basin,Zenodo 8169506 (Sikkim multi-temporal inventory),1,recorded_landslide_in_inventory,29.5,141.0,242.1,510.1,0.20921985815602837,0.5824039653035936,118.6,0.851,-0.525,2,3,2011
27.31255555555556,88.72418611111111,2011-07-15,1962.6481527,52.558352576,107.20350732,-17975701.333,Debris flow,Sikkim,Gangtok / Teesta Basin,Zenodo 8169506 (Sikkim multi-temporal inventory),1,recorded_landslide_in_inventory,29.5,141.0,242.1,510.1,0.20921985815602837,0.5824039653035936,103.15,0.955,-0.296,2,3,2011
27.30874444444445,88.73506111111111,2011-07-15,2371.6419542,45.030774858,300.61964586,28230657.778,Debris flow,Sikkim,Gangtok / Teesta Basin,Zenodo 8169506 (Sikkim multi-temporal inventory),1,recorded_landslide_in_inventory,29.5,141.0,242.1,510.1,0.20921985815602837,0.5824039653035936,106.8,-0.861,0.509,2,3,2011
27.31184435229498,88.84442901511731,2017-07-15,4132.8796658,14.54743433,101.14254761,117901186.44,Rock fall,Sikkim,Gangtok / Teesta Basin,Zenodo 8169506 (Sikkim multi-temporal inventory),1,recorded_landslide_in_inventory,2.0,21.0,199.5,453.4,0.09523809523809523,0.10526315789473684,60.12,0.981,-0.193,4,3,2017
27.41556111111111,88.78766666666667,2017-07-15,4370.1265734,30.432483461,304.34316678,28516379.556,Rock fall,Sikkim,Gangtok / Teesta Basin,Zenodo 8169506 (Sikkim multi-temporal inventory),1,recorded_landslide_in_inventory,11.4,42.2,201.6,436.9,0.27014218009478674,0.20932539682539686,132.99,-0.826,0.564,0,3,2017
27.40671567439315,88.80273481565719,2017-07-15,4582.8148329,34.650342941,334.25257365,99248861.778,Rock fall,Sikkim,Gangtok / Teesta Basin,Zenodo 8169506 (Sikkim multi-temporal inventory),1,recorded_landslide_in_inventory,11.4,42.2,201.6,436.9,0.27014218009478674,0.20932539682539686,158.8,-0.434,0.901,0,3,2017
27.40668695253415,88.80342775558407,2017-07-15,4594.7222765,28.523429977,325.66144138,147376255.11,Rock fall,Sikkim,Gangtok / Teesta Basin,Zenodo 8169506 (Sikkim multi-temporal inventory),1,recorded_landslide_in_inventory,11.4,42.2,201.6,436.9,0.27014218009478674,0.20932539682539686,131.06,-0.564,0.826,0,3,2017
27.40695526764349,88.8041632537063,2017-07-15,4601.6142036,30.773349126,310.79803467,89942385.77799998,Rock fall,Sikkim,Gangtok / Teesta Basin,Zenodo 8169506 (Sikkim multi-temporal inventory),1,recorded_landslide_in_inventory,11.4,42.2,201.6,436.9,0.27014218009478674,0.20932539682539686,141.61,-0.757,0.653,0,3,2017
27.39833033265133,88.81518114438398,2017-07-15,4494.4907769,47.129038917,270.9704149,247823008.44,Rock fall,Sikkim,Gangtok / Teesta Basin,Zenodo 8169506 (Sikkim multi-temporal inventory),1,recorded_landslide_in_inventory,11.4,42.2,201.6,436.9,0.27014218009478674,0.20932539682539686,211.82,-1.0,0.017,0,3,2017
27.4041800068718,88.80970098011481,2017-07-15,4483.175944,35.678927528,99.006627401,78780589.111,Rock fall,Sikkim,Gangtok / Teesta Basin,Zenodo 8169506 (Sikkim multi-temporal inventory),1,recorded_landslide_in_inventory,11.4,42.2,201.6,436.9,0.27014218009478674,0.20932539682539686,159.95,0.988,-0.157,0,3,2017
27.40589502680407,88.80641658423534,2017-07-15,4615.6975911,25.289329105,183.10639275,207836527.89,Debris flow,Sikkim,Gangtok / Teesta Basin,Zenodo 8169506 (Sikkim multi-temporal inventory),1,recorded_landslide_in_inventory,11.4,42.2,201.6,436.9,0.27014218009478674,0.20932539682539686,116.73,-0.054,-0.999,0,3,2017
27.40665015824408,88.80578991733844,2017-07-15,4649.54324,21.450714005,162.3387129,216277130.22,Rock slide,Sikkim,Gangtok / Teesta Basin,Zenodo 8169506 (Sikkim multi-temporal inventory),1,recorded_landslide_in_inventory,11.4,42.2,201.6,436.9,0.27014218009478674,0.20932539682539686,99.74,0.303,-0.953,0,3,2017
27.40482081787735,88.80386120519165,2017-07-15,4533.0895725,32.941436344,157.95101081,37954517.667,Debris flow,Sikkim,Gangtok / Teesta Basin,Zenodo 8169506 (Sikkim multi-temporal inventory),1,recorded_landslide_in_inventory,11.4,42.2,201.6,436.9,0.27014218009478674,0.20932539682539686,149.33,0.375,-0.927,0,3,2017
27.40369072680698,88.79820924593324,2017-07-15,4434.3024631,34.575924555,201.18377177,101786855.78,Rock slide - debris flow,Sikkim,Gangtok / Teesta Basin,Zenodo 8169506 (Sikkim multi-temporal inventory),1,recorded_landslide_in_inventory,11.4,42.2,201.6,436.9,0.27014218009478674,0.20932539682539686,153.32,-0.361,-0.932,0,3,2017
27.40761772673079,88.80520902801109,2017-07-15,4642.5863715,33.211696413,302.03416951,289058764.44,Rock fall,Sikkim,Gangtok / Teesta Basin,Zenodo 8169506 (Sikkim multi-temporal inventory),1,recorded_landslide_in_inventory,11.4,42.2,201.6,436.9,0.27014218009478674,0.20932539682539686,154.19,-0.848,0.53,0,3,2017
27.40737388799134,88.80476890773008,2017-07-15,4603.0,43.280948215,309.24114312,8333370.722199999,Rock fall,Sikkim,Gangtok / Teesta Basin,Zenodo 8169506 (Sikkim multi-temporal inventory),1,recorded_landslide_in_inventory,11.4,42.2,201.6,436.9,0.27014218009478674,0.20932539682539686,199.22,-0.774,0.633,0,3,2017
27.41417009524894,88.80466204398704,2017-07-15,4649.8580187,37.908235338,192.70278761,59395754.667,Debris flow,Sikkim,Gangtok / Teesta Basin,Zenodo 8169506 (Sikkim multi-temporal inventory),1,recorded_landslide_in_inventory,11.4,42.2,201.6,436.9,0.27014218009478674,0.20932539682539686,176.27,-0.22,-0.976,0,3,2017
27.41427393613874,88.80364022798892,2017-07-15,4624.66352,34.989842733,200.93922594,-596709.3333300002,Debris flow,Sikkim,Gangtok / Teesta Basin,Zenodo 8169506 (Sikkim multi-temporal inventory),1,recorded_landslide_in_inventory,11.4,42.2,201.6,436.9,0.27014218009478674,0.20932539682539686,161.82,-0.357,-0.934,0,3,2017
27.41482912594406,88.80322023642574,2017-07-15,4649.160536,29.017332501,229.83143785,151625781.78,Debris flow,Sikkim,Gangtok / Teesta Basin,Zenodo 8169506 (Sikkim multi-temporal inventory),1,recorded_landslide_in_inventory,11.4,42.2,201.6,436.9,0.27014218009478674,0.20932539682539686,134.91,-0.764,-0.645,0,3,2017
27.41198966400558,88.79684583317271,2017-07-15,4511.8580729,25.92536672,229.46404351,87585783.55599998,Rock fall,Sikkim,Gangtok / Teesta Basin,Zenodo 8169506 (Sikkim multi-temporal inventory),1,recorded_landslide_in_inventory,11.4,42.2,201.6,436.9,0.27014218009478674,0.20932539682539686,116.97,-0.76,-0.65,0,3,2017
27.41248855395779,88.79655510027685,2017-07-15,4516.8302951,34.367727704,230.83790419,41175332.333,Rock fall,Sikkim,Gangtok / Teesta Basin,Zenodo 8169506 (Sikkim multi-temporal inventory),1,recorded_landslide_in_inventory,11.4,42.2,201.6,436.9,0.27014218009478674,0.20932539682539686,155.23,-0.775,-0.632,0,3,2017
27.41289045387628,88.796270599554,2017-07-15,4512.5617405,39.726336585,232.31161329,14857930.819,Rock fall,Sikkim,Gangtok / Teesta Basin,Zenodo 8169506 (Sikkim multi-temporal inventory),1,recorded_landslide_in_inventory,11.4,42.2,201.6,436.9,0.27014218009478674,0.20932539682539686,179.27,-0.791,-0.611,0,3,2017
27.41389560511123,88.79557892283405,2017-07-15,4521.2407227,38.658762614,226.71680535,80584747.472,Rock fall,Sikkim,Gangtok / Teesta Basin,Zenodo 8169506 (Sikkim multi-temporal inventory),1,recorded_landslide_in_inventory,11.4,42.2,201.6,436.9,0.27014218009478674,0.20932539682539686,174.79,-0.728,-0.686,0,3,2017
27.41400459107975,88.79383035450796,2017-07-15,4468.7160916,25.012851715,162.90853373,-27643373.986,Debris flow,Sikkim,Gangtok / Teesta Basin,Zenodo 8169506 (Sikkim multi-temporal inventory),1,recorded_landslide_in_inventory,11.4,42.2,201.6,436.9,0.27014218009478674,0.20932539682539686,111.78,0.294,-0.956,0,3,2017
27.41729368629538,88.79111515483228,2017-07-15,4440.7190755,36.452281104,151.89782206,118059172.44,Debris flow,Sikkim,Gangtok / Teesta Basin,Zenodo 8169506 (Sikkim multi-temporal inventory),1,recorded_landslide_in_inventory,11.4,42.2,201.6,436.9,0.27014218009478674,0.20932539682539686,161.87,0.471,-0.882,0,3,2017
27.41663883335053,88.79346695605366,2017-07-15,4504.1017795,38.298570633,296.99116855,132714646.33,Debris flow,Sikkim,Gangtok / Teesta Basin,Zenodo 8169506 (Sikkim multi-temporal inventory),1,recorded_landslide_in_inventory,11.4,42.2,201.6,436.9,0.27014218009478674,0.20932539682539686,172.5,-0.891,0.454,0,3,2017
27.4161011696527,88.7967213129255,2017-07-15,4600.3950195,28.892326037,267.88892365,368008152.89,Debris flow,Sikkim,Gangtok / Teesta Basin,Zenodo 8169506 (Sikkim multi-temporal inventory),1,recorded_landslide_in_inventory,11.4,42.2,201.6,436.9,0.27014218009478674,0.20932539682539686,132.92,-0.999,-0.037,0,3,2017
27.41612208414823,88.79563568189525,2017-07-15,4549.3734266,27.926974932,308.83096653,37278244.111,Debris flow,Sikkim,Gangtok / Teesta Basin,Zenodo 8169506 (Sikkim multi-temporal inventory),1,recorded_landslide_in_inventory,11.4,42.2,201.6,436.9,0.27014218009478674,0.20932539682539686,127.05,-0.779,0.627,0,3,2017
27.41645466907499,88.79483410576539,2017-07-15,4530.4290365,34.8011979,115.11593776,160329787.78,Rock fall,Sikkim,Gangtok / Teesta Basin,Zenodo 8169506 (Sikkim multi-temporal inventory),1,recorded_landslide_in_inventory,11.4,42.2,201.6,436.9,0.27014218009478674,0.20932539682539686,157.66,0.905,-0.424,0,3,2017
27.41658759912672,88.79806417480142,2017-07-15,4562.9845378,39.532224019,42.761819919,56005802.556,Debris flow,Sikkim,Gangtok / Teesta Basin,Zenodo 8169506 (Sikkim multi-temporal inventory),1,recorded_landslide_in_inventory,11.4,42.2,201.6,436.9,0.27014218009478674,0.20932539682539686,180.38,0.679,0.734,0,3,2017
27.4032026124998,88.78890470339161,2017-07-15,4399.3549805,39.422789256,246.32598792,211398864.89,Rock fall,Sikkim,Gangtok / Teesta Basin,Zenodo 8169506 (Sikkim multi-temporal inventory),1,recorded_landslide_in_inventory,11.4,42.2,201.6,436.9,0.27014218009478674,0.20932539682539686,173.43,-0.916,-0.402,0,3,2017
27.40537503739312,88.79214535847622,2017-07-15,4363.8055013,44.323433346,318.59216309,64902856.0,Rock fall,Sikkim,Gangtok / Teesta Basin,Zenodo 8169506 (Sikkim multi-temporal inventory),1,recorded_landslide_in_inventory,11.4,42.2,201.6,436.9,0.27014218009478674,0.20932539682539686,193.42,-0.661,0.75,0,3,2017
27.40241892654273,88.78812522866012,2017-07-15,4402.3425564,24.15366141,263.85192193,192362742.58,Debris flow,Sikkim,Gangtok / Teesta Basin,Zenodo 8169506 (Sikkim multi-temporal inventory),1,recorded_landslide_in_inventory,11.4,42.2,201.6,436.9,0.27014218009478674,0.20932539682539686,106.33,-0.994,-0.107,0,3,2017
27.40166436912834,88.78824338896689,2017-07-15,4378.3828668,31.535400179,180.58992513,36000154.444,Debris flow,Sikkim,Gangtok / Teesta Basin,Zenodo 8169506 (Sikkim multi-temporal inventory),1,recorded_landslide_in_inventory,11.4,42.2,201.6,436.9,0.27014218009478674,0.20932539682539686,138.07,-0.01,-1.0,0,3,2017
27.40083331882461,88.78626718622523,2017-07-15,4295.5463325,41.066450119,199.3560418,62487547.778,Debris flow,Sikkim,Gangtok / Teesta Basin,Zenodo 8169506 (Sikkim multi-temporal inventory),1,recorded_landslide_in_inventory,11.4,42.2,201.6,436.9,0.27014218009478674,0.20932539682539686,176.4,-0.331,-0.943,0,3,2017
27.38502726863654,88.7907296783926,2017-07-15,4288.7840169,37.504195743,279.95441013,-53360038.222,Rock fall,Sikkim,Gangtok / Teesta Basin,Zenodo 8169506 (Sikkim multi-temporal inventory),1,recorded_landslide_in_inventory,11.4,42.2,201.6,436.9,0.27014218009478674,0.20932539682539686,160.85,-0.985,0.173,0,3,2017
27.38590818133828,88.79163544238146,2017-07-15,4356.8272027,35.517037921,274.17293125,266858743.11,Debris flow,Sikkim,Gangtok / Teesta Basin,Zenodo 8169506 (Sikkim multi-temporal inventory),1,recorded_landslide_in_inventory,11.4,42.2,201.6,436.9,0.27014218009478674,0.20932539682539686,154.74,-0.997,0.073,0,3,2017
27.37029182313335,88.83840180560426,2017-07-15,4077.5308431,41.875058916,151.46776157,-12040789.111,Rock fall/debris flow,Sikkim,Gangtok / Teesta Basin,Zenodo 8169506 (Sikkim multi-temporal inventory),1,recorded_landslide_in_inventory,2.0,21.0,199.5,453.4,0.09523809523809523,0.10526315789473684,170.75,0.478,-0.879,0,3,2017
27.36868888888889,88.84880833333332,2017-07-15,4138.6789822,23.018336826,329.37999471,95295078.444,Debris flow,Sikkim,Gangtok / Teesta Basin,Zenodo 8169506 (Sikkim multi-temporal inventory),1,recorded_landslide_in_inventory,2.0,21.0,199.5,453.4,0.09523809523809523,0.10526315789473684,95.27,-0.509,0.861,0,3,2017
27.38219404377141,88.8525635429216,2017-07-15,4294.7654622,42.423526764,184.78143989,142986179.56,Rock slide,Sikkim,Gangtok / Teesta Basin,Zenodo 8169506 (Sikkim multi-temporal inventory),1,recorded_landslide_in_inventory,3.3,21.1,180.0,393.3,0.15639810426540282,0.11722222222222223,182.2,-0.083,-0.997,0,3,2017
27.37418499215418,88.86287077031803,2017-07-15,4433.0371094,33.970764584,262.91352844,-1571584.0,Rock fall,Sikkim,Gangtok / Teesta Basin,Zenodo 8169506 (Sikkim multi-temporal inventory),1,recorded_landslide_in_inventory,3.3,21.1,180.0,393.3,0.15639810426540282,0.11722222222222223,150.59,-0.992,-0.123,0,3,2017
27.36037670887603,88.88019581971824,2017-07-15,4590.8024089,40.400945028,222.36064826,150857434.44,Debris flow,Sikkim,Gangtok / Teesta Basin,Zenodo 8169506 (Sikkim multi-temporal inventory),1,recorded_landslide_in_inventory,2.0,21.0,199.5,453.4,0.09523809523809523,0.10526315789473684,185.47,-0.674,-0.739,0,3,2017
27.34747842584173,88.863660440244,2017-07-15,4272.4197049,40.101439582,295.70233832,-50730655.806,Debris flow,Sikkim,Gangtok / Teesta Basin,Zenodo 8169506 (Sikkim multi-temporal inventory),1,recorded_landslide_in_inventory,2.0,21.0,199.5,453.4,0.09523809523809523,0.10526315789473684,171.33,-0.901,0.434,0,3,2017
27.29727135475122,88.85529986394172,2017-07-15,4133.2345378,17.193477419,153.98754671,264193809.78,Rock slide,Sikkim,Gangtok / Teesta Basin,Zenodo 8169506 (Sikkim multi-temporal inventory),1,recorded_landslide_in_inventory,2.0,21.0,199.5,453.4,0.09523809523809523,0.10526315789473684,71.06,0.439,-0.899,5,3,2017
27.40504607525647,88.80672144844651,2017-07-15,4577.2068142,33.451516469,209.40326267,71175740.667,Rock fall,Sikkim,Gangtok / Teesta Basin,Zenodo 8169506 (Sikkim multi-temporal inventory),1,recorded_landslide_in_inventory,11.4,42.2,201.6,436.9,0.27014218009478674,0.20932539682539686,153.11,-0.491,-0.871,0,3,2017
27.27038611111111,88.38180833333332,2011-07-15,1334.5926107,43.998753018,144.19196404,-12959670.417,Debris flow,Sikkim,Gangtok / Teesta Basin,Zenodo 8169506 (Sikkim multi-temporal inventory),1,recorded_landslide_in_inventory,26.8,159.0,304.2,710.1,0.16855345911949687,0.5226824457593688,58.72,0.585,-0.811,0,3,2011
27.37193515768285,88.27445913122476,2017-07-15,2285.6944444,37.339126375,138.25294325,316492998.22,Debris flow,Sikkim,Gangtok / Teesta Basin,Zenodo 8169506 (Sikkim multi-temporal inventory),1,recorded_landslide_in_inventory,22.3,30.0,185.1,493.5,0.7433333333333334,0.1620745542949757,85.35,0.666,-0.746,0,3,2017
27.33821944444444,88.28630833333334,2017-07-15,1704.5246853,29.768242518,186.569497,109413313.78,Debris flow,Sikkim,Gangtok / Teesta Basin,Zenodo 8169506 (Sikkim multi-temporal inventory),1,recorded_landslide_in_inventory,2.5,3.4,229.3,535.3,0.7352941176470589,0.014827736589620583,50.74,-0.114,-0.993,0,2,2017
27.11244835875492,88.39664375645215,2017-07-15,813.36728923,29.752145979,222.74235874,46684647.222,Debris flow,Sikkim,Gangtok / Teesta Basin,Zenodo 8169506 (Sikkim multi-temporal inventory),1,recorded_landslide_in_inventory,1.6,9.2,398.0,776.0,0.1739130434782609,0.023115577889447233,24.2,-0.679,-0.734,2,2,2017
27.11174005194307,88.40181870389887,2011-07-15,1056.3858032,35.817365223,242.68657091,174386592.89,Debris flow,Sikkim,Gangtok / Teesta Basin,Zenodo 8169506 (Sikkim multi-temporal inventory),1,recorded_landslide_in_inventory,41.4,104.5,170.1,490.8,0.39617224880382773,0.6143445032333922,37.84,-0.889,-0.459,0,3,2011
27.47796100595076,88.62898994374542,2017-07-15,3553.0864529,47.463575575,167.21416558,26463290.667,Debris flow,Sikkim,Gangtok / Teesta Basin,Zenodo 8169506 (Sikkim multi-temporal inventory),1,recorded_landslide_in_inventory,18.6,35.1,171.1,409.7,0.5299145299145299,0.20514319111630627,168.64,0.221,-0.975,1,3,2017
27.30454002064661,88.39427848218234,2017-07-15,2192.9752875,43.841981676,199.11069234,45895039.222,Debris flow,Sikkim,Gangtok / Teesta Basin,Zenodo 8169506 (Sikkim multi-temporal inventory),1,recorded_landslide_in_inventory,17.4,37.3,225.9,598.0,0.46648793565683644,0.16511730854360335,96.14,-0.327,-0.945,1,3,2017
27.29571388888889,88.28200555555556,2017-07-15,1246.1975369,47.036692301,142.63734521,270235671.89,Debris flow,Sikkim,Gangtok / Teesta Basin,Zenodo 8169506 (Sikkim multi-temporal inventory),1,recorded_landslide_in_inventory,2.5,8.0,221.3,589.6,0.3125,0.03615002259376412,58.62,0.607,-0.795,0,3,2017
27.390625,88.33044166666666,2017-07-15,1509.9413656,26.469086965,162.36072032,-185124161.78,Debris slide-flow,Sikkim,Gangtok / Teesta Basin,Zenodo 8169506 (Sikkim multi-temporal inventory),1,recorded_landslide_in_inventory,12.8,15.6,207.9,541.4,0.8205128205128206,0.07503607503607503,39.97,0.303,-0.953,0,2,2017
27.29668333333333,88.29248888888888,2017-07-15,872.48766412,49.328309377,118.42128923,134064684.89,Debris flow,Sikkim,Gangtok / Teesta Basin,Zenodo 8169506 (Sikkim multi-temporal inventory),1,recorded_landslide_in_inventory,58.4,146.2,284.5,490.0,0.399452804377565,0.5138840070298769,43.04,0.879,-0.476,0,3,2017
27.30374444444444,88.33492222222222,2017-07-15,1298.5246853,37.990409639,187.68825955,23697654.222,Debris flow,Sikkim,Gangtok / Teesta Basin,Zenodo 8169506 (Sikkim multi-temporal inventory),1,recorded_landslide_in_inventory,58.4,146.2,284.5,490.0,0.399452804377565,0.5138840070298769,49.33,-0.134,-0.991,0,3,2017
27.30457222222222,88.33746666666666,2017-07-15,1414.6573893,42.018555959,194.4988505,28944495.222,Debris flow,Sikkim,Gangtok / Teesta Basin,Zenodo 8169506 (Sikkim multi-temporal inventory),1,recorded_landslide_in_inventory,12.8,15.6,207.9,541.4,0.8205128205128206,0.07503607503607503,59.44,-0.25,-0.968,0,3,2017
27.30546111111111,88.33938611111111,2017-07-15,1544.1481391,31.432821486,195.78910828,123486441.33,Debris flow,Sikkim,Gangtok / Teesta Basin,Zenodo 8169506 (Sikkim multi-temporal inventory),1,recorded_landslide_in_inventory,58.4,146.2,284.5,490.0,0.399452804377565,0.5138840070298769,48.54,-0.272,-0.962,0,2,2017
27.49129444444445,88.49766111111111,2011-07-15,1170.4228244,33.258218977,182.76042684,34764303.444,Debris flow,Sikkim,Gangtok / Teesta Basin,Zenodo 8169506 (Sikkim multi-temporal inventory),1,recorded_landslide_in_inventory,58.4,146.2,284.5,490.0,0.399452804377565,0.5138840070298769,38.93,-0.048,-0.999,0,2,2011
27.13973611111111,88.43181666666668,2011-07-15,983.932095,37.557007896,211.11202664,113519971.94,Debris flow,Sikkim,Gangtok / Teesta Basin,Zenodo 8169506 (Sikkim multi-temporal inventory),1,recorded_landslide_in_inventory,58.4,146.2,284.5,490.0,0.399452804377565,0.5138840070298769,36.95,-0.517,-0.856,0,3,2011
27.47769101844211,88.62982331151524,2017-07-15,3518.3549262,33.555886375,163.02642314,80205994.0,Debris flow,Sikkim,Gangtok / Teesta Basin,Zenodo 8169506 (Sikkim multi-temporal inventory),1,recorded_landslide_in_inventory,18.6,35.1,171.1,409.7,0.5299145299145299,0.20514319111630627,118.06,0.292,-0.956,1,3,2017
27.29692350400217,88.22167704839114,2011-07-15,2028.6512451,51.555369483,148.01898193,242360328.44,Debris flow,Sikkim,Gangtok / Teesta Basin,Zenodo 8169506 (Sikkim multi-temporal inventory),1,recorded_landslide_in_inventory,58.4,146.2,284.5,490.0,0.399452804377565,0.5138840070298769,104.59,0.53,-0.848,0,3,2011
27.44541028468453,88.25940399409617,2017-07-15,3180.8271213,49.283426921,139.59224447,11152936.889,Debris flow,Sikkim,Gangtok / Teesta Basin,Zenodo 8169506 (Sikkim multi-temporal inventory),1,recorded_landslide_in_inventory,58.4,146.2,284.5,490.0,0.399452804377565,0.5138840070298769,156.76,0.648,-0.761,0,3,2017
27.42475419842505,88.72104605731994,2017-07-15,3810.2623698,43.15246794,188.71248372,28720740.0,Debris flow,Sikkim,Gangtok / Teesta Basin,Zenodo 8169506 (Sikkim multi-temporal inventory),1,recorded_landslide_in_inventory,58.4,146.2,284.5,490.0,0.399452804377565,0.5138840070298769,164.42,-0.151,-0.988,0,3,2017
27.44313611111111,88.14748333333334,2017-07-15,3756.8363715,36.508905835,89.997079637,-60629844.111,Debris flow,Sikkim,Gangtok / Teesta Basin,Zenodo 8169506 (Sikkim multi-temporal inventory),1,recorded_landslide_in_inventory,58.4,146.2,284.5,490.0,0.399452804377565,0.5138840070298769,137.16,1.0,0.0,2,3,2017
27.36486111111111,88.12391388888888,2017-07-15,2596.484592,49.7983515,148.52689955,123389610.27,Debris flow,Sikkim,Gangtok / Teesta Basin,Zenodo 8169506 (Sikkim multi-temporal inventory),1,recorded_landslide_in_inventory,1.5,3.7,175.5,474.6,0.4054054054054054,0.021082621082621083,129.3,0.522,-0.853,2,3,2017
27.37141403837876,88.11652508336468,2017-07-15,2395.97838,42.118277232,182.09759861,-13426933.0,Debris flow,Sikkim,Gangtok / Teesta Basin,Zenodo 8169506 (Sikkim multi-temporal inventory),1,recorded_landslide_in_inventory,1.5,3.7,175.5,474.6,0.4054054054054054,0.021082621082621083,100.91,-0.037,-0.999,3,3,2017
27.37864722222222,88.09322222222222,2010-07-15,3444.8611111,37.047187805,164.05304633,98655186.222,Debris flow,Sikkim,Gangtok / Teesta Basin,Zenodo 8169506 (Sikkim multi-temporal inventory),1,recorded_landslide_in_inventory,10.7,38.7,258.4,405.2,0.27648578811369506,0.14976780185758518,127.62,0.275,-0.962,0,3,2010
27.38167222222222,88.09961944444444,2010-07-15,2997.2036947,35.596933577,118.95626916,-66862180.056,Debris flow,Sikkim,Gangtok / Teesta Basin,Zenodo 8169506 (Sikkim multi-temporal inventory),1,recorded_landslide_in_inventory,10.7,38.7,258.4,405.2,0.27648578811369506,0.14976780185758518,106.69,0.875,-0.484,0,3,2010
27.40443444744539,88.08862276653403,2010-07-15,4059.5092231,43.655657874,142.27357229,2393411.5556,Debris flow,Sikkim,Gangtok / Teesta Basin,Zenodo 8169506 (Sikkim multi-temporal inventory),1,recorded_landslide_in_inventory,10.7,38.7,258.4,405.2,0.27648578811369506,0.14976780185758518,177.22,0.612,-0.791,0,3,2010
27.47396111111111,88.12204166666666,2010-07-15,3943.0833062,33.323113547,184.01807997,10063650.667,Debris flow,Sikkim,Gangtok / Teesta Basin,Zenodo 8169506 (Sikkim multi-temporal inventory),1,recorded_landslide_in_inventory,10.7,38.7,258.4,405.2,0.27648578811369506,0.14976780185758518,131.4,-0.07,-0.998,0,3,2010
27.47333888888889,88.12066666666666,2010-07-15,3921.8178711,36.590758642,142.85241191,-24976031.944,Debris flow,Sikkim,Gangtok / Teesta Basin,Zenodo 8169506 (Sikkim multi-temporal inventory),1,recorded_landslide_in_inventory,10.7,38.7,258.4,405.2,0.27648578811369506,0.14976780185758518,143.5,0.604,-0.797,0,3,2010
27.46508333333333,88.16581388888889,2017-07-15,3914.2406955,37.475738525,179.45042759,24707729.056,Debris flow,Sikkim,Gangtok / Teesta Basin,Zenodo 8169506 (Sikkim multi-temporal inventory),1,recorded_landslide_in_inventory,15.1,39.4,181.9,388.9,0.383248730964467,0.2166025288620121,146.69,0.01,-1.0,2,3,2017
27.45095,88.23802500000001,2017-07-15,3675.1142307,25.701721191,195.96568468,-79408443.333,Debris flow,Sikkim,Gangtok / Teesta Basin,Zenodo 8169506 (Sikkim multi-temporal inventory),1,recorded_landslide_in_inventory,21.0,52.4,195.4,492.5,0.40076335877862596,0.2681678607983623,94.46,-0.275,-0.961,0,3,2017
27.42742614074958,88.71490065012237,2017-07-15,3703.2314724,46.054512872,322.54821099,331722046.22,Debris flow,Sikkim,Gangtok / Teesta Basin,Zenodo 8169506 (Sikkim multi-temporal inventory),1,recorded_landslide_in_inventory,23.3,48.9,215.2,446.8,0.47648261758691207,0.22723048327137546,170.55,-0.608,0.794,0,3,2017
27.40873888888889,88.69441666666667,2017-07-15,3326.8055827,34.329881032,100.98441145,114926998.67,Debris flow,Sikkim,Gangtok / Teesta Basin,Zenodo 8169506 (Sikkim multi-temporal inventory),1,recorded_landslide_in_inventory,23.3,48.9,215.2,446.8,0.47648261758691207,0.22723048327137546,114.21,0.982,-0.191,0,3,2017
27.4135676265499,88.69712099198249,2017-07-15,3496.6882867,38.664650175,170.40501912,-111196716.10999998,Debris flow,Sikkim,Gangtok / Teesta Basin,Zenodo 8169506 (Sikkim multi-temporal inventory),1,recorded_landslide_in_inventory,23.3,48.9,215.2,446.8,0.47648261758691207,0.22723048327137546,135.2,0.167,-0.986,0,3,2017
27.41876666666667,88.69899722222223,2017-07-15,3494.1172689,25.167319616,327.28834025,122346599.89,Debris flow,Sikkim,Gangtok / Teesta Basin,Zenodo 8169506 (Sikkim multi-temporal inventory),1,recorded_landslide_in_inventory,23.3,48.9,215.2,446.8,0.47648261758691207,0.22723048327137546,87.94,-0.54,0.841,0,3,2017
27.42773611111112,88.69818333333333,2017-07-15,3335.0709907,36.932959874,314.87548828,247773732.44,Debris flow,Sikkim,Gangtok / Teesta Basin,Zenodo 8169506 (Sikkim multi-temporal inventory),1,recorded_landslide_in_inventory,23.3,48.9,215.2,446.8,0.47648261758691207,0.22723048327137546,123.17,-0.709,0.706,1,3,2017
27.42941151292416,88.71105507723804,2017-07-15,3444.1265734,39.428035736,119.86861102,3140796.4444,Debris flow,Sikkim,Gangtok / Teesta Basin,Zenodo 8169506 (Sikkim multi-temporal inventory),1,recorded_landslide_in_inventory,23.3,48.9,215.2,446.8,0.47648261758691207,0.22723048327137546,135.8,0.867,-0.498,0,3,2017
27.47121215945204,88.06854326203201,2017-07-15,4257.6265191,18.456981023,217.02722677,50554040.444,Debris flow,Sikkim,Gangtok / Teesta Basin,Zenodo 8169506 (Sikkim multi-temporal inventory),1,recorded_landslide_in_inventory,13.6,52.1,181.2,365.7,0.26103646833013433,0.2875275938189846,78.58,-0.602,-0.798,0,3,2017
27.46105555555555,88.06689444444444,2017-07-15,4419.4814996,44.364261203,24.931606081,-197332012.0,Debris flow,Sikkim,Gangtok / Teesta Basin,Zenodo 8169506 (Sikkim multi-temporal inventory),1,recorded_landslide_in_inventory,13.6,52.1,181.2,365.7,0.26103646833013433,0.2875275938189846,196.07,0.422,0.907,0,3,2017
27.44161832548429,88.26050921259251,2017-07-15,3033.9969076,50.503912184,120.93289778,-20617848.889,Debris flow,Sikkim,Gangtok / Teesta Basin,Zenodo 8169506 (Sikkim multi-temporal inventory),1,recorded_landslide_in_inventory,23.2,45.3,198.4,515.7,0.512141280353201,0.22832661290322578,153.23,0.858,-0.514,0,3,2017
27.45406388888889,88.66667222222223,2012-07-15,2183.3950467,55.941456689,159.46853299,-143593732.0,Debris flow,Sikkim,Gangtok / Teesta Basin,Zenodo 8169506 (Sikkim multi-temporal inventory),1,recorded_landslide_in_inventory,120.6,181.6,325.0,712.7,0.6640969162995595,0.5587692307692308,122.14,0.351,-0.936,0,3,2012
27.42749537475755,88.79302889314532,2017-07-15,4534.3580729,36.556987339,198.33933004,20137149.111,Rock fall,Sikkim,Gangtok / Teesta Basin,Zenodo 8169506 (Sikkim multi-temporal inventory),1,recorded_landslide_in_inventory,11.4,42.2,201.6,436.9,0.27014218009478674,0.20932539682539686,165.76,-0.315,-0.949,0,3,2017
27.42733495463688,88.7903615450172,2017-07-15,4415.398112,32.310852051,241.59060838,199083442.67,Rock fall,Sikkim,Gangtok / Teesta Basin,Zenodo 8169506 (Sikkim multi-temporal inventory),1,recorded_landslide_in_inventory,11.4,42.2,201.6,436.9,0.27014218009478674,0.20932539682539686,142.67,-0.88,-0.476,0,3,2017
27.42795716182562,88.79143659342029,2017-07-15,4487.7838542,36.255406698,256.52471415,45309569.111,Rock fall,Sikkim,Gangtok / Teesta Basin,Zenodo 8169506 (Sikkim multi-temporal inventory),1,recorded_landslide_in_inventory,11.4,42.2,201.6,436.9,0.27014218009478674,0.20932539682539686,162.71,-0.972,-0.233,0,3,2017
27.43458359869217,88.79201219921964,2017-07-15,4541.1697591,37.08942922,227.76804267,-65603982.444,Rock fall,Sikkim,Gangtok / Teesta Basin,Zenodo 8169506 (Sikkim multi-temporal inventory),1,recorded_landslide_in_inventory,11.4,42.2,201.6,436.9,0.27014218009478674,0.20932539682539686,168.43,-0.74,-0.672,0,3,2017
27.43621239868231,88.79037370049178,2017-07-15,4558.8179253,28.998467551,262.26807658,246505421.78,Rock fall,Sikkim,Gangtok / Teesta Basin,Zenodo 8169506 (Sikkim multi-temporal inventory),1,recorded_landslide_in_inventory,11.4,42.2,201.6,436.9,0.27014218009478674,0.20932539682539686,132.2,-0.991,-0.135,0,3,2017
27.43613207759973,88.7898994342073,2017-07-15,4543.7653537,34.679422802,272.81709798,289039984.0,Rock fall,Sikkim,Gangtok / Teesta Basin,Zenodo 8169506 (Sikkim multi-temporal inventory),1,recorded_landslide_in_inventory,11.4,42.2,201.6,436.9,0.27014218009478674,0.20932539682539686,157.58,-0.999,0.049,0,3,2017
27.4361556947761,88.78944193209672,2017-07-15,4499.6171875,40.304924859,286.24936591,79620184.111,Rock fall,Sikkim,Gangtok / Teesta Basin,Zenodo 8169506 (Sikkim multi-temporal inventory),1,recorded_landslide_in_inventory,11.4,42.2,201.6,436.9,0.27014218009478674,0.20932539682539686,181.36,-0.96,0.28,0,3,2017
27.43597324509556,88.78937168663943,2017-07-15,4499.6171875,40.304924859,286.24936591,79620184.111,Rock fall,Sikkim,Gangtok / Teesta Basin,Zenodo 8169506 (Sikkim multi-temporal inventory),1,recorded_landslide_in_inventory,11.4,42.2,201.6,436.9,0.27014218009478674,0.20932539682539686,181.36,-0.96,0.28,0,3,2017
27.43704731206275,88.79065386126524,2017-07-15,4558.79324,40.755428738,292.84095256,54642675.111,Rock fall/debris flow,Sikkim,Gangtok / Teesta Basin,Zenodo 8169506 (Sikkim multi-temporal inventory),1,recorded_landslide_in_inventory,11.4,42.2,201.6,436.9,0.27014218009478674,0.20932539682539686,185.8,-0.922,0.388,0,3,2017
27.43804184648138,88.79077923824208,2017-07-15,4544.7098524,35.739578671,282.6970893,-117146707.56,Rock fall/debris flow,Sikkim,Gangtok / Teesta Basin,Zenodo 8169506 (Sikkim multi-temporal inventory),1,recorded_landslide_in_inventory,11.4,42.2,201.6,436.9,0.27014218009478674,0.20932539682539686,162.43,-0.976,0.22,0,3,2017
27.43386080441394,88.79261283713156,2017-07-15,4545.7160373,45.454026116,245.09909566,-34468800.0,Rock fall,Sikkim,Gangtok / Teesta Basin,Zenodo 8169506 (Sikkim multi-temporal inventory),1,recorded_landslide_in_inventory,11.4,42.2,201.6,436.9,0.27014218009478674,0.20932539682539686,206.62,-0.907,-0.421,0,3,2017
27.19178611111111,88.30263055555555,2017-07-15,1285.5123291,41.74630483,174.62932671,-6697967.0,Debris flow,Sikkim,Gangtok / Teesta Basin,Zenodo 8169506 (Sikkim multi-temporal inventory),1,recorded_landslide_in_inventory,2.5,8.0,221.3,589.6,0.3125,0.03615002259376412,53.67,0.094,-0.996,0,3,2017
27.20736388888889,88.3612861111111,2011-07-15,1422.3302409,51.036560059,153.29155138,-96142108.778,Debris flow,Sikkim,Gangtok / Teesta Basin,Zenodo 8169506 (Sikkim multi-temporal inventory),1,recorded_landslide_in_inventory,56.6,134.3,219.3,524.1,0.42144452717795977,0.6124031007751938,72.59,0.449,-0.893,0,3,2011
27.47841156411558,88.62808103042212,2017-07-15,3600.0771484,42.453251521,163.50706821,290804283.56,Debris flow,Sikkim,Gangtok / Teesta Basin,Zenodo 8169506 (Sikkim multi-temporal inventory),1,recorded_landslide_in_inventory,18.6,35.1,171.1,409.7,0.5299145299145299,0.20514319111630627,152.83,0.284,-0.959,1,3,2017
27.39975555555555,88.63502500000001,2012-07-15,2013.4814996,49.989150577,135.66286892,11893653.111,Debris flow,Sikkim,Gangtok / Teesta Basin,Zenodo 8169506 (Sikkim multi-temporal inventory),1,recorded_landslide_in_inventory,120.6,181.6,325.0,712.7,0.6640969162995595,0.5587692307692308,100.65,0.699,-0.715,0,3,2012
27.21328111048475,88.81982083633417,2011-07-15,1990.8549262,31.94802263,131.99617852,115464128.44,Debris flow,Sikkim,Gangtok / Teesta Basin,Zenodo 8169506 (Sikkim multi-temporal inventory),1,recorded_landslide_in_inventory,29.5,141.0,242.1,510.1,0.20921985815602837,0.5824039653035936,63.6,0.743,-0.669,0,2,2011
27.26480340780678,88.88943225803166,2017-07-15,3792.888916,40.624218835,161.06774055,-109272464.89,Debris flow,Sikkim,Gangtok / Teesta Basin,Zenodo 8169506 (Sikkim multi-temporal inventory),1,recorded_landslide_in_inventory,8.8,36.0,230.1,514.4,0.24444444444444446,0.15645371577574968,154.08,0.324,-0.946,4,3,2017
27.21424166666667,88.82013333333333,2011-07-15,1987.4136149,38.200247659,80.266125149,193242614.22,Debris flow,Sikkim,Gangtok / Teesta Basin,Zenodo 8169506 (Sikkim multi-temporal inventory),1,recorded_landslide_in_inventory,29.5,141.0,242.1,510.1,0.20921985815602837,0.5824039653035936,75.92,0.986,0.169,0,3,2011
27.40865719865226,88.80898867958042,2017-07-15,4522.6388889,39.986954159,95.556522793,98050225.278,Rock fall,Sikkim,Gangtok / Teesta Basin,Zenodo 8169506 (Sikkim multi-temporal inventory),1,recorded_landslide_in_inventory,11.4,42.2,201.6,436.9,0.27014218009478674,0.20932539682539686,180.85,0.995,-0.097,0,3,2017
23.73,92.72,2016-09-17,920.0,34.0,180.0,0.0,Debris slide (rainfall-triggered),Mizoram,Aizawl Sector,Zenodo 20783995 (Mizoram 2015-2025 inventory),1,recorded_landslide_in_inventory,19.7,43.2,83.4,112.0,0.4560185185185185,0.5179856115107914,31.28,0.0,-1.0,0,2,2016
23.7246,92.7245,2017-09-17,920.0,34.0,180.0,0.0,Dip-slope shale failure,Mizoram,Aizawl Sector,Zenodo 20783995 (Mizoram 2015-2025 inventory),1,recorded_landslide_in_inventory,25.3,30.5,68.6,112.3,0.8295081967213115,0.4446064139941691,31.28,0.0,-1.0,1,2,2017
23.7725,92.7439,2019-07-02,920.0,34.0,180.0,0.0,Translational slide on dipping shale beds,Mizoram,Aizawl Sector,Zenodo 20783995 (Mizoram 2015-2025 inventory),1,recorded_landslide_in_inventory,1.3,17.2,20.7,115.6,0.07558139534883722,0.8309178743961353,31.28,0.0,-1.0,0,2,2019
23.75,92.73,2021-06-11,920.0,34.0,180.0,0.0,Retaining wall failure / debris slide,Mizoram,Aizawl Sector,Zenodo 20783995 (Mizoram 2015-2025 inventory),1,recorded_landslide_in_inventory,13.2,54.1,95.5,133.1,0.24399260628465802,0.5664921465968586,31.28,0.0,-1.0,3,2,2021
23.73,92.73,2021-06-13,920.0,34.0,180.0,0.0,Rock slide / rock fall in interbedded sandstone–shale,Mizoram,Aizawl Sector,Zenodo 20783995 (Mizoram 2015-2025 inventory),1,recorded_landslide_in_inventory,9.4,28.0,80.5,147.7,0.33571428571428574,0.34782608695652173,31.28,0.0,-1.0,4,2,2021
23.7,92.72,2024-05-28,920.0,34.0,180.0,0.0,Quarry collapse / debris slide,Mizoram,Aizawl Sector,Zenodo 20783995 (Mizoram 2015-2025 inventory),1,recorded_landslide_in_inventory,68.0,108.3,156.0,171.3,0.6278855032317636,0.6942307692307692,31.28,0.0,-1.0,3,2,2024
23.74,92.72,2024-05-28,920.0,34.0,180.0,0.0,Building collapse from landslide,Mizoram,Aizawl Sector,Zenodo 20783995 (Mizoram 2015-2025 inventory),1,recorded_landslide_in_inventory,68.0,108.3,156.0,171.3,0.6278855032317636,0.6942307692307692,31.28,0.0,-1.0,5,2,2024
23.68,92.73,2024-05-28,920.0,34.0,180.0,0.0,Debris slide,Mizoram,Aizawl Sector,Zenodo 20783995 (Mizoram 2015-2025 inventory),1,recorded_landslide_in_inventory,78.0,120.5,166.1,176.4,0.6473029045643154,0.7254665863937387,31.28,0.0,-1.0,1,2,2024
23.72,92.71,2024-05-28,920.0,34.0,180.0,0.0,Debris slide,Mizoram,Aizawl Sector,Zenodo 20783995 (Mizoram 2015-2025 inventory),1,recorded_landslide_in_inventory,68.8,125.9,166.3,184.7,0.5464654487688642,0.7570655441972339,31.28,0.0,-1.0,4,2,2024
23.73,92.72,2024-05-28,920.0,34.0,180.0,0.0,Multiple debris slides,Mizoram,Aizawl Sector,Zenodo 20783995 (Mizoram 2015-2025 inventory),1,recorded_landslide_in_inventory,68.0,108.3,156.0,171.3,0.6278855032317636,0.6942307692307692,31.28,0.0,-1.0,4,2,2024
23.7725,92.7439,2024-05-28,920.0,34.0,180.0,0.0,Debris flow on shale bed (dip 32°),Mizoram,Aizawl Sector,Zenodo 20783995 (Mizoram 2015-2025 inventory),1,recorded_landslide_in_inventory,58.6,98.0,135.0,146.6,0.5979591836734695,0.725925925925926,31.28,0.0,-1.0,3,2,2024
23.74,92.71,2024-05-28,920.0,34.0,180.0,0.0,Landslide / road blockage,Mizoram,Aizawl Sector,Zenodo 20783995 (Mizoram 2015-2025 inventory),1,recorded_landslide_in_inventory,68.8,125.9,166.3,184.7,0.5464654487688642,0.7570655441972339,31.28,0.0,-1.0,5,2,2024
23.75,92.73,2024-05-30,920.0,34.0,180.0,0.0,Retaining wall failure,Mizoram,Aizawl Sector,Zenodo 20783995 (Mizoram 2015-2025 inventory),1,recorded_landslide_in_inventory,1.5,76.8,158.7,180.1,0.01953125,0.4839319470699433,31.28,0.0,-1.0,10,2,2024
23.76,92.74,2024-07-02,920.0,34.0,180.0,0.0,Rainfall-triggered debris slide,Mizoram,Aizawl Sector,Zenodo 20783995 (Mizoram 2015-2025 inventory),1,recorded_landslide_in_inventory,34.0,95.9,132.1,166.1,0.35453597497393113,0.7259651778955337,31.28,0.0,-1.0,10,2,2024
23.76,92.73,2024-07-02,920.0,34.0,180.0,0.0,Debris slides,Mizoram,Aizawl Sector,Zenodo 20783995 (Mizoram 2015-2025 inventory),1,recorded_landslide_in_inventory,34.0,95.9,132.1,166.1,0.35453597497393113,0.7259651778955337,31.28,0.0,-1.0,11,2,2024
24.03,92.62,2024-08-28,920.0,34.0,180.0,0.0,Landslide,Mizoram,Aizawl Sector,Zenodo 20783995 (Mizoram 2015-2025 inventory),1,recorded_landslide_in_inventory,3.2,15.6,103.4,335.3,0.20512820512820515,0.1508704061895551,31.28,0.0,-1.0,0,2,2024
23.75,92.73,2025-05-30,920.0,34.0,180.0,0.0,Retaining wall failure,Mizoram,Aizawl Sector,Zenodo 20783995 (Mizoram 2015-2025 inventory),1,recorded_landslide_in_inventory,83.1,146.3,221.6,248.9,0.568010936431989,0.6601985559566788,31.28,0.0,-1.0,13,2,2025
23.74,92.72,2025-05-30,920.0,34.0,180.0,0.0,"Multiple types (retaining wall, rockfall)",Mizoram,Aizawl Sector,Zenodo 20783995 (Mizoram 2015-2025 inventory),1,recorded_landslide_in_inventory,83.1,146.3,221.6,248.9,0.568010936431989,0.6601985559566788,31.28,0.0,-1.0,14,2,2025
27.12,88.25,2014-01-20,488.0,33.91,168.82,5.1081,None,Sikkim,Gangtok / Teesta Monitored Domain,"Observational grid (9.53km buffer from nearest event, real DEM & archive rain)",0,no_recorded_landslide_in_inventory,0.0,0.5,1.4,2.9,0.0,0.35714285714285715,16.55,0.194,-0.981,0,2,2014
27.12,88.25,2014-07-15,488.0,33.91,168.82,5.1081,None,Sikkim,Gangtok / Teesta Monitored Domain,"Observational grid (9.53km buffer from nearest event, real DEM & archive rain)",0,no_recorded_landslide_in_inventory,39.3,53.3,75.3,180.6,0.7373358348968105,0.7078353253652059,16.55,0.194,-0.981,0,2,2014
27.12,88.25,2015-12-10,488.0,33.91,168.82,5.1081,None,Sikkim,Gangtok / Teesta Monitored Domain,"Observational grid (9.53km buffer from nearest event, real DEM & archive rain)",0,no_recorded_landslide_in_inventory,0.0,0.0,0.3,18.3,0.0,0.0,16.55,0.194,-0.981,0,2,2015
27.12,88.25,2016-08-05,488.0,33.91,168.82,5.1081,None,Sikkim,Gangtok / Teesta Monitored Domain,"Observational grid (9.53km buffer from nearest event, real DEM & archive rain)",0,no_recorded_landslide_in_inventory,2.3,5.5,25.6,486.0,0.41818181818181815,0.21484375,16.55,0.194,-0.981,0,2,2016
27.12,88.25,2017-02-15,488.0,33.91,168.82,5.1081,None,Sikkim,Gangtok / Teesta Monitored Domain,"Observational grid (9.53km buffer from nearest event, real DEM & archive rain)",0,no_recorded_landslide_in_inventory,0.0,0.0,5.2,19.0,0.0,0.0,16.55,0.194,-0.981,0,2,2017
27.12,88.3056,2014-01-20,508.0,29.44,167.08,2.3661,None,Sikkim,Gangtok / Teesta Monitored Domain,"Observational grid (7.99km buffer from nearest event, real DEM & archive rain)",0,no_recorded_landslide_in_inventory,0.0,0.5,1.4,2.9,0.0,0.35714285714285715,14.96,0.224,-0.975,0,2,2014
27.12,88.3056,2014-07-15,508.0,29.44,167.08,2.3661,None,Sikkim,Gangtok / Teesta Monitored Domain,"Observational grid (7.99km buffer from nearest event, real DEM & archive rain)",0,no_recorded_landslide_in_inventory,39.3,53.3,75.3,180.6,0.7373358348968105,0.7078353253652059,14.96,0.224,-0.975,0,2,2014
27.12,88.3056,2015-12-10,508.0,29.44,167.08,2.3661,None,Sikkim,Gangtok / Teesta Monitored Domain,"Observational grid (7.99km buffer from nearest event, real DEM & archive rain)",0,no_recorded_landslide_in_inventory,0.0,0.0,0.3,18.3,0.0,0.0,14.96,0.224,-0.975,0,2,2015
27.12,88.3056,2016-08-05,508.0,29.44,167.08,2.3661,None,Sikkim,Gangtok / Teesta Monitored Domain,"Observational grid (7.99km buffer from nearest event, real DEM & archive rain)",0,no_recorded_landslide_in_inventory,2.3,5.5,25.6,486.0,0.41818181818181815,0.21484375,14.96,0.224,-0.975,0,2,2016
27.12,88.3056,2017-02-15,508.0,29.44,167.08,2.3661,None,Sikkim,Gangtok / Teesta Monitored Domain,"Observational grid (7.99km buffer from nearest event, real DEM & archive rain)",0,no_recorded_landslide_in_inventory,0.0,0.0,5.2,19.0,0.0,0.0,14.96,0.224,-0.975,0,2,2017
27.12,88.3611,2014-01-20,510.0,28.23,72.86,0.5593,None,Sikkim,Gangtok / Teesta Monitored Domain,"Observational grid (3.62km buffer from nearest event, real DEM & archive rain)",0,no_recorded_landslide_in_inventory,0.0,0.5,1.4,2.9,0.0,0.35714285714285715,14.4,0.956,0.295,1,2,2014
27.12,88.3611,2014-07-15,510.0,28.23,72.86,0.5593,None,Sikkim,Gangtok / Teesta Monitored Domain,"Observational grid (3.62km buffer from nearest event, real DEM & archive rain)",0,no_recorded_landslide_in_inventory,39.3,53.3,75.3,180.6,0.7373358348968105,0.7078353253652059,14.4,0.956,0.295,1,2,2014
27.12,88.3611,2015-12-10,510.0,28.23,72.86,0.5593,None,Sikkim,Gangtok / Teesta Monitored Domain,"Observational grid (3.62km buffer from nearest event, real DEM & archive rain)",0,no_recorded_landslide_in_inventory,0.0,0.0,0.3,18.3,0.0,0.0,14.4,0.956,0.295,1,2,2015
27.12,88.3611,2016-08-05,510.0,28.23,72.86,0.5593,None,Sikkim,Gangtok / Teesta Monitored Domain,"Observational grid (3.62km buffer from nearest event, real DEM & archive rain)",0,no_recorded_landslide_in_inventory,2.3,5.5,25.6,486.0,0.41818181818181815,0.21484375,14.4,0.956,0.295,1,2,2016
27.12,88.3611,2017-02-15,510.0,28.23,72.86,0.5593,None,Sikkim,Gangtok / Teesta Monitored Domain,"Observational grid (3.62km buffer from nearest event, real DEM & archive rain)",0,no_recorded_landslide_in_inventory,0.0,0.0,0.2,4.2,0.0,0.0,14.4,0.956,0.295,1,2,2017
27.12,88.4167,2014-01-20,1603.0,20.52,90.58,2.286,None,Sikkim,Gangtok / Teesta Monitored Domain,"Observational grid (1.74km buffer from nearest event, real DEM & archive rain)",0,no_recorded_landslide_in_inventory,1.0,10.1,43.3,120.3,0.09900990099009901,0.23325635103926098,32.89,1.0,-0.01,2,2,2014
27.12,88.4167,2014-07-15,1603.0,20.52,90.58,2.286,None,Sikkim,Gangtok / Teesta Monitored Domain,"Observational grid (1.74km buffer from nearest event, real DEM & archive rain)",0,no_recorded_landslide_in_inventory,22.2,118.8,307.8,456.7,0.18686868686868688,0.38596491228070173,32.89,1.0,-0.01,2,2,2014
27.12,88.4167,2015-12-10,1603.0,20.52,90.58,2.286,None,Sikkim,Gangtok / Teesta Monitored Domain,"Observational grid (1.74km buffer from nearest event, real DEM & archive rain)",0,no_recorded_landslide_in_inventory,4.1,4.2,24.8,92.5,0.976190476190476,0.16935483870967744,32.89,1.0,-0.01,2,2,2015
27.12,88.4167,2016-08-05,1603.0,20.52,90.58,2.286,None,Sikkim,Gangtok / Teesta Monitored Domain,"Observational grid (1.74km buffer from nearest event, real DEM & archive rain)",0,no_recorded_landslide_in_inventory,12.1,33.8,91.1,635.3,0.35798816568047337,0.37102085620197583,32.89,1.0,-0.01,2,2,2016
27.12,88.4167,2017-02-15,1603.0,20.52,90.58,2.286,None,Sikkim,Gangtok / Teesta Monitored Domain,"Observational grid (1.74km buffer from nearest event, real DEM & archive rain)",0,no_recorded_landslide_in_inventory,0.0,0.0,0.2,4.2,0.0,0.0,32.89,1.0,-0.01,2,2,2017
27.12,88.4722,2014-01-20,311.0,33.74,42.35,-5.4427,None,Sikkim,Gangtok / Teesta Monitored Domain,"Observational grid (4.56km buffer from nearest event, real DEM & archive rain)",0,no_recorded_landslide_in_inventory,0.0,0.1,5.4,25.7,0.0,0.018518518518518517,10.49,0.674,0.739,1,2,2014
27.12,88.4722,2014-07-15,311.0,33.74,42.35,-5.4427,None,Sikkim,Gangtok / Teesta Monitored Domain,"Observational grid (4.56km buffer from nearest event, real DEM & archive rain)",0,no_recorded_landslide_in_inventory,19.4,43.0,90.2,164.2,0.4511627906976744,0.4767184035476718,10.49,0.674,0.739,1,2,2014
27.12,88.4722,2015-12-10,311.0,33.74,42.35,-5.4427,None,Sikkim,Gangtok / Teesta Monitored Domain,"Observational grid (4.56km buffer from nearest event, real DEM & archive rain)",0,no_recorded_landslide_in_inventory,0.9,0.9,7.8,24.6,0.9,0.11538461538461539,10.49,0.674,0.739,1,2,2015
27.12,88.4722,2016-08-05,311.0,33.74,42.35,-5.4427,None,Sikkim,Gangtok / Teesta Monitored Domain,"Observational grid (4.56km buffer from nearest event, real DEM & archive rain)",0,no_recorded_landslide_in_inventory,3.5,5.6,25.3,443.9,0.625,0.22134387351778653,10.49,0.674,0.739,1,2,2016
27.12,88.4722,2017-02-15,311.0,33.74,42.35,-5.4427,None,Sikkim,Gangtok / Teesta Monitored Domain,"Observational grid (4.56km buffer from nearest event, real DEM & archive rain)",0,no_recorded_landslide_in_inventory,0.0,1.8,2.6,5.3,0.0,0.6923076923076923,10.49,0.674,0.739,1,2,2017
27.12,88.5278,2014-01-20,1016.0,12.74,180.0,1.3631,None,Sikkim,Gangtok / Teesta Monitored Domain,"Observational grid (9.75km buffer from nearest event, real DEM & archive rain)",0,no_recorded_landslide_in_inventory,0.0,0.1,5.4,25.7,0.0,0.018518518518518517,12.94,0.0,-1.0,0,1,2014
27.12,88.5278,2014-07-15,1016.0,12.74,180.0,1.3631,None,Sikkim,Gangtok / Teesta Monitored Domain,"Observational grid (9.75km buffer from nearest event, real DEM & archive rain)",0,no_recorded_landslide_in_inventory,19.4,43.0,90.2,164.2,0.4511627906976744,0.4767184035476718,12.94,0.0,-1.0,0,1,2014
27.12,88.5278,2015-12-10,1016.0,12.74,180.0,1.3631,None,Sikkim,Gangtok / Teesta Monitored Domain,"Observational grid (9.75km buffer from nearest event, real DEM & archive rain)",0,no_recorded_landslide_in_inventory,0.9,0.9,7.8,24.6,0.9,0.11538461538461539,12.94,0.0,-1.0,0,1,2015
27.12,88.5278,2016-08-05,1016.0,12.74,180.0,1.3631,None,Sikkim,Gangtok / Teesta Monitored Domain,"Observational grid (9.75km buffer from nearest event, real DEM & archive rain)",0,no_recorded_landslide_in_inventory,3.5,5.6,25.3,443.9,0.625,0.22134387351778653,12.94,0.0,-1.0,0,1,2016
27.12,88.5278,2017-02-15,1016.0,12.74,180.0,1.3631,None,Sikkim,Gangtok / Teesta Monitored Domain,"Observational grid (9.75km buffer from nearest event, real DEM & archive rain)",0,no_recorded_landslide_in_inventory,0.0,1.8,2.6,5.3,0.0,0.6923076923076923,12.94,0.0,-1.0,0,1,2017
27.12,88.5833,2014-01-20,1926.0,28.76,16.01,-5.0156,None,Sikkim,Gangtok / Teesta Monitored Domain,"Observational grid (9.98km buffer from nearest event, real DEM & archive rain)",0,no_recorded_landslide_in_inventory,1.0,10.1,43.3,120.3,0.09900990099009901,0.23325635103926098,55.39,0.276,0.961,0,2,2014
27.12,88.5833,2014-07-15,1926.0,28.76,16.01,-5.0156,None,Sikkim,Gangtok / Teesta Monitored Domain,"Observational grid (9.98km buffer from nearest event, real DEM & archive rain)",0,no_recorded_landslide_in_inventory,22.2,118.8,307.8,456.7,0.18686868686868688,0.38596491228070173,55.39,0.276,0.961,0,2,2014
27.12,88.5833,2015-12-10,1926.0,28.76,16.01,-5.0156,None,Sikkim,Gangtok / Teesta Monitored Domain,"Observational grid (9.98km buffer from nearest event, real DEM & archive rain)",0,no_recorded_landslide_in_inventory,4.1,4.2,24.8,92.5,0.976190476190476,0.16935483870967744,55.39,0.276,0.961,0,2,2015
27.12,88.5833,2016-08-05,1926.0,28.76,16.01,-5.0156,None,Sikkim,Gangtok / Teesta Monitored Domain,"Observational grid (9.98km buffer from nearest event, real DEM & archive rain)",0,no_recorded_landslide_in_inventory,12.1,33.8,91.1,635.3,0.35798816568047337,0.37102085620197583,55.39,0.276,0.961,0,2,2016
27.12,88.5833,2017-02-15,1926.0,28.76,16.01,-5.0156,None,Sikkim,Gangtok / Teesta Monitored Domain,"Observational grid (9.98km buffer from nearest event, real DEM & archive rain)",0,no_recorded_landslide_in_inventory,0.0,3.6,3.8,6.9,0.0,0.9473684210526316,55.39,0.276,0.961,0,2,2017
27.12,88.6389,2014-01-20,1242.0,31.55,270.7,5.004,None,Sikkim,Gangtok / Teesta Monitored Domain,"Observational grid (7.99km buffer from nearest event, real DEM & archive rain)",0,no_recorded_landslide_in_inventory,0.0,0.0,0.1,1.7,0.0,0.0,39.19,-1.0,0.012,0,2,2014
27.12,88.6389,2014-07-15,1242.0,31.55,270.7,5.004,None,Sikkim,Gangtok / Teesta Monitored Domain,"Observational grid (7.99km buffer from nearest event, real DEM & archive rain)",0,no_recorded_landslide_in_inventory,29.1,65.9,112.2,244.9,0.44157814871016693,0.5873440285204992,39.19,-1.0,0.012,0,2,2014
27.12,88.6389,2015-12-10,1242.0,31.55,270.7,5.004,None,Sikkim,Gangtok / Teesta Monitored Domain,"Observational grid (7.99km buffer from nearest event, real DEM & archive rain)",0,no_recorded_landslide_in_inventory,0.0,0.0,2.0,4.3,0.0,0.0,39.19,-1.0,0.012,0,2,2015
27.12,88.6389,2016-08-05,1242.0,31.55,270.7,5.004,None,Sikkim,Gangtok / Teesta Monitored Domain,"Observational grid (7.99km buffer from nearest event, real DEM & archive rain)",0,no_recorded_landslide_in_inventory,32.4,66.7,152.9,553.6,0.4857571214392803,0.43623283191628515,39.19,-1.0,0.012,0,2,2016
27.12,88.6389,2017-02-15,1242.0,31.55,270.7,5.004,None,Sikkim,Gangtok / Teesta Monitored Domain,"Observational grid (7.99km buffer from nearest event, real DEM & archive rain)",0,no_recorded_landslide_in_inventory,0.0,3.6,3.8,6.9,0.0,0.9473684210526316,39.19,-1.0,0.012,0,2,2017
27.12,88.6944,2014-01-20,1776.0,41.24,218.93,-1.8902,None,Sikkim,Gangtok / Teesta Monitored Domain,"Observational grid (8.86km buffer from nearest event, real DEM & archive rain)",0,no_recorded_landslide_in_inventory,0.0,0.0,0.1,1.7,0.0,0.0,73.24,-0.628,-0.778,0,3,2014
27.12,88.6944,2014-07-15,1776.0,41.24,218.93,-1.8902,None,Sikkim,Gangtok / Teesta Monitored Domain,"Observational grid (8.86km buffer from nearest event, real DEM & archive rain)",0,no_recorded_landslide_in_inventory,29.1,65.9,112.2,244.9,0.44157814871016693,0.5873440285204992,73.24,-0.628,-0.778,0,3,2014
27.12,88.6944,2015-12-10,1776.0,41.24,218.93,-1.8902,None,Sikkim,Gangtok / Teesta Monitored Domain,"Observational grid (8.86km buffer from nearest event, real DEM & archive rain)",0,no_recorded_landslide_in_inventory,0.0,0.0,2.0,4.3,0.0,0.0,73.24,-0.628,-0.778,0,3,2015
27.12,88.6944,2016-08-05,1776.0,41.24,218.93,-1.8902,None,Sikkim,Gangtok / Teesta Monitored Domain,"Observational grid (8.86km buffer from nearest event, real DEM & archive rain)",0,no_recorded_landslide_in_inventory,32.4,66.7,152.9,553.6,0.4857571214392803,0.43623283191628515,73.24,-0.628,-0.778,0,3,2016
27.12,88.6944,2017-02-15,1776.0,41.24,218.93,-1.8902,None,Sikkim,Gangtok / Teesta Monitored Domain,"Observational grid (8.86km buffer from nearest event, real DEM & archive rain)",0,no_recorded_landslide_in_inventory,0.6,6.7,10.4,19.8,0.08955223880597014,0.6442307692307693,73.24,-0.628,-0.778,0,3,2017
27.12,88.75,2014-01-20,2868.0,27.34,38.77,-0.5073,None,Sikkim,Gangtok / Teesta Monitored Domain,"Observational grid (8.94km buffer from nearest event, real DEM & archive rain)",0,no_recorded_landslide_in_inventory,0.1,4.4,12.5,31.8,0.022727272727272728,0.35200000000000004,78.41,0.626,0.78,0,3,2014
27.12,88.75,2014-07-15,2868.0,27.34,38.77,-0.5073,None,Sikkim,Gangtok / Teesta Monitored Domain,"Observational grid (8.94km buffer from nearest event, real DEM & archive rain)",0,no_recorded_landslide_in_inventory,31.3,104.3,218.6,401.5,0.30009587727708537,0.47712717291857276,78.41,0.626,0.78,0,3,2014
27.12,88.75,2015-12-10,2868.0,27.34,38.77,-0.5073,None,Sikkim,Gangtok / Teesta Monitored Domain,"Observational grid (8.94km buffer from nearest event, real DEM & archive rain)",0,no_recorded_landslide_in_inventory,0.8,0.8,7.0,25.5,0.8,0.1142857142857143,78.41,0.626,0.78,0,3,2015
27.12,88.75,2016-08-05,2868.0,27.34,38.77,-0.5073,None,Sikkim,Gangtok / Teesta Monitored Domain,"Observational grid (8.94km buffer from nearest event, real DEM & archive rain)",0,no_recorded_landslide_in_inventory,35.6,82.2,197.6,613.3,0.43309002433090027,0.4159919028340081,78.41,0.626,0.78,0,3,2016
27.12,88.75,2017-02-15,2868.0,27.34,38.77,-0.5073,None,Sikkim,Gangtok / Teesta Monitored Domain,"Observational grid (8.94km buffer from nearest event, real DEM & archive rain)",0,no_recorded_landslide_in_inventory,0.0,2.3,4.4,13.5,0.0,0.5227272727272726,78.41,0.626,0.78,0,3,2017
27.1578,88.25,2014-01-20,1007.0,16.85,270.0,-2.0387,None,Sikkim,Gangtok / Teesta Monitored Domain,"Observational grid (6.43km buffer from nearest event, real DEM & archive rain)",0,no_recorded_landslide_in_inventory,0.0,0.5,1.4,2.9,0.0,0.35714285714285715,16.97,-1.0,-0.0,0,2,2014
27.1578,88.25,2014-07-15,1007.0,16.85,270.0,-2.0387,None,Sikkim,Gangtok / Teesta Monitored Domain,"Observational grid (6.43km buffer from nearest event, real DEM & archive rain)",0,no_recorded_landslide_in_inventory,39.3,53.3,75.3,180.6,0.7373358348968105,0.7078353253652059,16.97,-1.0,-0.0,0,2,2014
27.1578,88.25,2015-12-10,1007.0,16.85,270.0,-2.0387,None,Sikkim,Gangtok / Teesta Monitored Domain,"Observational grid (6.43km buffer from nearest event, real DEM & archive rain)",0,no_recorded_landslide_in_inventory,0.0,0.0,0.3,18.3,0.0,0.0,16.97,-1.0,-0.0,0,2,2015
27.1578,88.25,2016-08-05,1007.0,16.85,270.0,-2.0387,None,Sikkim,Gangtok / Teesta Monitored Domain,"Observational grid (6.43km buffer from nearest event, real DEM & archive rain)",0,no_recorded_landslide_in_inventory,2.3,5.5,25.6,486.0,0.41818181818181815,0.21484375,16.97,-1.0,-0.0,0,2,2016
27.1578,88.25,2017-02-15,1007.0,16.85,270.0,-2.0387,None,Sikkim,Gangtok / Teesta Monitored Domain,"Observational grid (6.43km buffer from nearest event, real DEM & archive rain)",0,no_recorded_landslide_in_inventory,0.0,0.0,5.2,19.0,0.0,0.0,16.97,-1.0,-0.0,0,2,2017
27.1578,88.3056,2014-01-20,786.0,13.26,270.0,1.5856,None,Sikkim,Gangtok / Teesta Monitored Domain,"Observational grid (3.79km buffer from nearest event, real DEM & archive rain)",0,no_recorded_landslide_in_inventory,0.0,0.1,5.4,25.7,0.0,0.018518518518518517,10.42,-1.0,-0.0,0,4,2014
27.1578,88.3056,2014-07-15,786.0,13.26,270.0,1.5856,None,Sikkim,Gangtok / Teesta Monitored Domain,"Observational grid (3.79km buffer from nearest event, real DEM & archive rain)",0,no_recorded_landslide_in_inventory,19.4,43.0,90.2,164.2,0.4511627906976744,0.4767184035476718,10.42,-1.0,-0.0,0,4,2014
27.1578,88.3056,2015-12-10,786.0,13.26,270.0,1.5856,None,Sikkim,Gangtok / Teesta Monitored Domain,"Observational grid (3.79km buffer from nearest event, real DEM & archive rain)",0,no_recorded_landslide_in_inventory,0.9,0.9,7.8,24.6,0.9,0.11538461538461539,10.42,-1.0,-0.0,0,4,2015
27.1578,88.3056,2016-08-05,786.0,13.26,270.0,1.5856,None,Sikkim,Gangtok / Teesta Monitored Domain,"Observational grid (3.79km buffer from nearest event, real DEM & archive rain)",0,no_recorded_landslide_in_inventory,3.5,5.6,25.3,443.9,0.625,0.22134387351778653,10.42,-1.0,-0.0,0,4,2016
27.1578,88.3056,2017-02-15,786.0,13.26,270.0,1.5856,None,Sikkim,Gangtok / Teesta Monitored Domain,"Observational grid (3.79km buffer from nearest event, real DEM & archive rain)",0,no_recorded_landslide_in_inventory,0.0,0.0,5.2,19.0,0.0,0.0,10.42,-1.0,-0.0,0,4,2017
27.1578,88.3611,2014-01-20,1271.0,35.89,90.0,4.8701,None,Sikkim,Gangtok / Teesta Monitored Domain,"Observational grid (5.51km buffer from nearest event, real DEM & archive rain)",0,no_recorded_landslide_in_inventory,0.0,0.5,1.4,2.9,0.0,0.35714285714285715,45.62,1.0,0.0,0,3,2014
27.1578,88.3611,2014-07-15,1271.0,35.89,90.0,4.8701,None,Sikkim,Gangtok / Teesta Monitored Domain,"Observational grid (5.51km buffer from nearest event, real DEM & archive rain)",0,no_recorded_landslide_in_inventory,39.3,53.3,75.3,180.6,0.7373358348968105,0.7078353253652059,45.62,1.0,0.0,0,3,2014
27.1578,88.3611,2015-12-10,1271.0,35.89,90.0,4.8701,None,Sikkim,Gangtok / Teesta Monitored Domain,"Observational grid (5.51km buffer from nearest event, real DEM & archive rain)",0,no_recorded_landslide_in_inventory,0.0,0.0,0.3,18.3,0.0,0.0,45.62,1.0,0.0,0,3,2015
27.1578,88.3611,2016-08-05,1271.0,35.89,90.0,4.8701,None,Sikkim,Gangtok / Teesta Monitored Domain,"Observational grid (5.51km buffer from nearest event, real DEM & archive rain)",0,no_recorded_landslide_in_inventory,2.3,5.5,25.6,486.0,0.41818181818181815,0.21484375,45.62,1.0,0.0,0,3,2016
27.1578,88.3611,2017-02-15,1271.0,35.89,90.0,4.8701,None,Sikkim,Gangtok / Teesta Monitored Domain,"Observational grid (5.51km buffer from nearest event, real DEM & archive rain)",0,no_recorded_landslide_in_inventory,0.9,1.6,6.5,14.7,0.5625,0.24615384615384617,45.62,1.0,0.0,0,3,2017
27.1578,88.4167,2014-01-20,1450.0,0.0,0.0,0.0,None,Sikkim,Gangtok / Teesta Monitored Domain,"Observational grid (2.5km buffer from nearest event, real DEM & archive rain)",0,no_recorded_landslide_in_inventory,1.0,10.1,43.3,120.3,0.09900990099009901,0.23325635103926098,0.0,0.0,1.0,1,1,2014
27.1578,88.4167,2014-07-15,1450.0,0.0,0.0,0.0,None,Sikkim,Gangtok / Teesta Monitored Domain,"Observational grid (2.5km buffer from nearest event, real DEM & archive rain)",0,no_recorded_landslide_in_inventory,22.2,118.8,307.8,456.7,0.18686868686868688,0.38596491228070173,0.0,0.0,1.0,1,1,2014
27.1578,88.4167,2015-12-10,1450.0,0.0,0.0,0.0,None,Sikkim,Gangtok / Teesta Monitored Domain,"Observational grid (2.5km buffer from nearest event, real DEM & archive rain)",0,no_recorded_landslide_in_inventory,4.1,4.2,24.8,92.5,0.976190476190476,0.16935483870967744,0.0,0.0,1.0,1,1,2015
27.1578,88.4167,2016-08-05,1450.0,0.0,0.0,0.0,None,Sikkim,Gangtok / Teesta Monitored Domain,"Observational grid (2.5km buffer from nearest event, real DEM & archive rain)",0,no_recorded_landslide_in_inventory,12.1,33.8,91.1,635.3,0.35798816568047337,0.37102085620197583,0.0,0.0,1.0,1,1,2016
27.1578,88.4167,2017-02-15,1450.0,0.0,0.0,0.0,None,Sikkim,Gangtok / Teesta Monitored Domain,"Observational grid (2.5km buffer from nearest event, real DEM & archive rain)",0,no_recorded_landslide_in_inventory,0.0,0.1,1.3,5.0,0.0,0.07692307692307693,0.0,0.0,1.0,1,1,2017
27.1578,88.4722,2014-01-20,1229.0,9.55,270.0,1.1326,None,Sikkim,Gangtok / Teesta Monitored Domain,"Observational grid (4.47km buffer from nearest event, real DEM & archive rain)",0,no_recorded_landslide_in_inventory,1.0,10.1,43.3,120.3,0.09900990099009901,0.23325635103926098,11.74,-1.0,-0.0,1,1,2014
27.1578,88.4722,2014-07-15,1229.0,9.55,270.0,1.1326,None,Sikkim,Gangtok / Teesta Monitored Domain,"Observational grid (4.47km buffer from nearest event, real DEM & archive rain)",0,no_recorded_landslide_in_inventory,22.2,118.8,307.8,456.7,0.18686868686868688,0.38596491228070173,11.74,-1.0,-0.0,1,1,2014
27.1578,88.4722,2015-12-10,1229.0,9.55,270.0,1.1326,None,Sikkim,Gangtok / Teesta Monitored Domain,"Observational grid (4.47km buffer from nearest event, real DEM & archive rain)",0,no_recorded_landslide_in_inventory,4.1,4.2,24.8,92.5,0.976190476190476,0.16935483870967744,11.74,-1.0,-0.0,1,1,2015
27.1578,88.4722,2016-08-05,1229.0,9.55,270.0,1.1326,None,Sikkim,Gangtok / Teesta Monitored Domain,"Observational grid (4.47km buffer from nearest event, real DEM & archive rain)",0,no_recorded_landslide_in_inventory,12.1,33.8,91.1,635.3,0.35798816568047337,0.37102085620197583,11.74,-1.0,-0.0,1,1,2016
27.1578,88.4722,2017-02-15,1229.0,9.55,270.0,1.1326,None,Sikkim,Gangtok / Teesta Monitored Domain,"Observational grid (4.47km buffer from nearest event, real DEM & archive rain)",0,no_recorded_landslide_in_inventory,0.0,0.1,4.1,9.0,0.0,0.02439024390243903,11.74,-1.0,-0.0,1,1,2017
27.1578,88.5278,2014-01-20,279.0,0.0,0.0,0.0,None,Sikkim,Gangtok / Teesta Monitored Domain,"Observational grid (9.71km buffer from nearest event, real DEM & archive rain)",0,no_recorded_landslide_in_inventory,0.0,0.1,5.4,25.7,0.0,0.018518518518518517,0.0,0.0,1.0,0,4,2014
27.1578,88.5278,2014-07-15,279.0,0.0,0.0,0.0,None,Sikkim,Gangtok / Teesta Monitored Domain,"Observational grid (9.71km buffer from nearest event, real DEM & archive rain)",0,no_recorded_landslide_in_inventory,19.4,43.0,90.2,164.2,0.4511627906976744,0.4767184035476718,0.0,0.0,1.0,0,4,2014
27.1578,88.5278,2015-12-10,279.0,0.0,0.0,0.0,None,Sikkim,Gangtok / Teesta Monitored Domain,"Observational grid (9.71km buffer from nearest event, real DEM & archive rain)",0,no_recorded_landslide_in_inventory,0.9,0.9,7.8,24.6,0.9,0.11538461538461539,0.0,0.0,1.0,0,4,2015
27.1578,88.5278,2016-08-05,279.0,0.0,0.0,0.0,None,Sikkim,Gangtok / Teesta Monitored Domain,"Observational grid (9.71km buffer from nearest event, real DEM & archive rain)",0,no_recorded_landslide_in_inventory,3.5,5.6,25.3,443.9,0.625,0.22134387351778653,0.0,0.0,1.0,0,4,2016
27.1578,88.5278,2017-02-15,279.0,0.0,0.0,0.0,None,Sikkim,Gangtok / Teesta Monitored Domain,"Observational grid (9.71km buffer from nearest event, real DEM & archive rain)",0,no_recorded_landslide_in_inventory,0.0,0.1,4.1,9.0,0.0,0.02439024390243903,0.0,0.0,1.0,0,4,2017
27.1578,88.5833,2014-01-20,1063.0,14.17,270.0,1.6989,None,Sikkim,Gangtok / Teesta Monitored Domain,"Observational grid (7.09km buffer from nearest event, real DEM & archive rain)",0,no_recorded_landslide_in_inventory,1.0,10.1,43.3,120.3,0.09900990099009901,0.23325635103926098,15.06,-1.0,-0.0,0,1,2014
27.1578,88.5833,2014-07-15,1063.0,14.17,270.0,1.6989,None,Sikkim,Gangtok / Teesta Monitored Domain,"Observational grid (7.09km buffer from nearest event, real DEM & archive rain)",0,no_recorded_landslide_in_inventory,22.2,118.8,307.8,456.7,0.18686868686868688,0.38596491228070173,15.06,-1.0,-0.0,0,1,2014
27.1578,88.5833,2015-12-10,1063.0,14.17,270.0,1.6989,None,Sikkim,Gangtok / Teesta Monitored Domain,"Observational grid (7.09km buffer from nearest event, real DEM & archive rain)",0,no_recorded_landslide_in_inventory,4.1,4.2,24.8,92.5,0.976190476190476,0.16935483870967744,15.06,-1.0,-0.0,0,1,2015
27.1578,88.5833,2016-08-05,1063.0,14.17,270.0,1.6989,None,Sikkim,Gangtok / Teesta Monitored Domain,"Observational grid (7.09km buffer from nearest event, real DEM & archive rain)",0,no_recorded_landslide_in_inventory,12.1,33.8,91.1,635.3,0.35798816568047337,0.37102085620197583,15.06,-1.0,-0.0,0,1,2016
27.1578,88.5833,2017-02-15,1063.0,14.17,270.0,1.6989,None,Sikkim,Gangtok / Teesta Monitored Domain,"Observational grid (7.09km buffer from nearest event, real DEM & archive rain)",0,no_recorded_landslide_in_inventory,0.9,1.3,5.2,7.0,0.6923076923076923,0.25,15.06,-1.0,-0.0,0,1,2017
27.1578,88.6389,2014-01-20,724.0,20.31,270.0,2.4917,None,Sikkim,Gangtok / Teesta Monitored Domain,"Observational grid (3.81km buffer from nearest event, real DEM & archive rain)",0,no_recorded_landslide_in_inventory,0.0,0.1,5.4,25.7,0.0,0.018518518518518517,14.7,-1.0,-0.0,0,2,2014
27.1578,88.6389,2014-07-15,724.0,20.31,270.0,2.4917,None,Sikkim,Gangtok / Teesta Monitored Domain,"Observational grid (3.81km buffer from nearest event, real DEM & archive rain)",0,no_recorded_landslide_in_inventory,19.4,43.0,90.2,164.2,0.4511627906976744,0.4767184035476718,14.7,-1.0,-0.0,0,2,2014
27.1578,88.6389,2015-12-10,724.0,20.31,270.0,2.4917,None,Sikkim,Gangtok / Teesta Monitored Domain,"Observational grid (3.81km buffer from nearest event, real DEM & archive rain)",0,no_recorded_landslide_in_inventory,0.9,0.9,7.8,24.6,0.9,0.11538461538461539,14.7,-1.0,-0.0,0,2,2015
27.1578,88.6389,2016-08-05,724.0,20.31,270.0,2.4917,None,Sikkim,Gangtok / Teesta Monitored Domain,"Observational grid (3.81km buffer from nearest event, real DEM & archive rain)",0,no_recorded_landslide_in_inventory,3.5,5.6,25.3,443.9,0.625,0.22134387351778653,14.7,-1.0,-0.0,0,2,2016
27.1578,88.6389,2017-02-15,724.0,20.31,270.0,2.4917,None,Sikkim,Gangtok / Teesta Monitored Domain,"Observational grid (3.81km buffer from nearest event, real DEM & archive rain)",0,no_recorded_landslide_in_inventory,0.9,1.3,5.2,7.0,0.6923076923076923,0.25,14.7,-1.0,-0.0,0,2,2017
27.1578,88.6944,2014-01-20,1624.0,45.27,270.0,-6.7955,None,Sikkim,Gangtok / Teesta Monitored Domain,"Observational grid (5.01km buffer from nearest event, real DEM & archive rain)",0,no_recorded_landslide_in_inventory,0.1,4.4,12.5,31.8,0.022727272727272728,0.35200000000000004,73.52,-1.0,-0.0,0,3,2014
27.1578,88.6944,2014-07-15,1624.0,45.27,270.0,-6.7955,None,Sikkim,Gangtok / Teesta Monitored Domain,"Observational grid (5.01km buffer from nearest event, real DEM & archive rain)",0,no_recorded_landslide_in_inventory,31.3,104.3,218.6,401.5,0.30009587727708537,0.47712717291857276,73.52,-1.0,-0.0,0,3,2014
27.1578,88.6944,2015-12-10,1624.0,45.27,270.0,-6.7955,None,Sikkim,Gangtok / Teesta Monitored Domain,"Observational grid (5.01km buffer from nearest event, real DEM & archive rain)",0,no_recorded_landslide_in_inventory,0.8,0.8,7.0,25.5,0.8,0.1142857142857143,73.52,-1.0,-0.0,0,3,2015
27.1578,88.6944,2016-08-05,1624.0,45.27,270.0,-6.7955,None,Sikkim,Gangtok / Teesta Monitored Domain,"Observational grid (5.01km buffer from nearest event, real DEM & archive rain)",0,no_recorded_landslide_in_inventory,35.6,82.2,197.6,613.3,0.43309002433090027,0.4159919028340081,73.52,-1.0,-0.0,0,3,2016
27.1578,88.6944,2017-02-15,1624.0,45.27,270.0,-6.7955,None,Sikkim,Gangtok / Teesta Monitored Domain,"Observational grid (5.01km buffer from nearest event, real DEM & archive rain)",0,no_recorded_landslide_in_inventory,0.0,1.8,2.9,8.5,0.0,0.6206896551724138,73.52,-1.0,-0.0,0,3,2017
27.1578,88.75,2014-01-20,2459.0,15.07,270.0,-1.8121,None,Sikkim,Gangtok / Teesta Monitored Domain,"Observational grid (5.14km buffer from nearest event, real DEM & archive rain)",0,no_recorded_landslide_in_inventory,0.1,4.4,12.5,31.8,0.022727272727272728,0.35200000000000004,37.06,-1.0,-0.0,0,2,2014
27.1578,88.75,2014-07-15,2459.0,15.07,270.0,-1.8121,None,Sikkim,Gangtok / Teesta Monitored Domain,"Observational grid (5.14km buffer from nearest event, real DEM & archive rain)",0,no_recorded_landslide_in_inventory,31.3,104.3,218.6,401.5,0.30009587727708537,0.47712717291857276,37.06,-1.0,-0.0,0,2,2014
27.1578,88.75,2015-12-10,2459.0,15.07,270.0,-1.8121,None,Sikkim,Gangtok / Teesta Monitored Domain,"Observational grid (5.14km buffer from nearest event, real DEM & archive rain)",0,no_recorded_landslide_in_inventory,0.8,0.8,7.0,25.5,0.8,0.1142857142857143,37.06,-1.0,-0.0,0,2,2015
27.1578,88.75,2016-08-05,2459.0,15.07,270.0,-1.8121,None,Sikkim,Gangtok / Teesta Monitored Domain,"Observational grid (5.14km buffer from nearest event, real DEM & archive rain)",0,no_recorded_landslide_in_inventory,35.6,82.2,197.6,613.3,0.43309002433090027,0.4159919028340081,37.06,-1.0,-0.0,0,2,2016
27.1578,88.75,2017-02-15,2459.0,15.07,270.0,-1.8121,None,Sikkim,Gangtok / Teesta Monitored Domain,"Observational grid (5.14km buffer from nearest event, real DEM & archive rain)",0,no_recorded_landslide_in_inventory,0.4,2.3,2.5,6.3,0.1739130434782609,0.9199999999999999,37.06,-1.0,-0.0,0,2,2017
27.1956,88.25,2014-01-20,1625.0,35.83,97.8,4.5324,None,Sikkim,Gangtok / Teesta Monitored Domain,"Observational grid (5.22km buffer from nearest event, real DEM & archive rain)",0,no_recorded_landslide_in_inventory,0.5,4.3,13.2,31.3,0.11627906976744186,0.32575757575757575,58.22,0.991,-0.136,0,3,2014
27.1956,88.25,2014-07-15,1625.0,35.83,97.8,4.5324,None,Sikkim,Gangtok / Teesta Monitored Domain,"Observational grid (5.22km buffer from nearest event, real DEM & archive rain)",0,no_recorded_landslide_in_inventory,37.6,89.8,190.6,317.7,0.4187082405345212,0.47114375655823715,58.22,0.991,-0.136,0,3,2014
27.1956,88.25,2015-12-10,1625.0,35.83,97.8,4.5324,None,Sikkim,Gangtok / Teesta Monitored Domain,"Observational grid (5.22km buffer from nearest event, real DEM & archive rain)",0,no_recorded_landslide_in_inventory,3.1,3.1,12.5,53.3,1.0,0.248,58.22,0.991,-0.136,0,3,2015
27.1956,88.25,2016-08-05,1625.0,35.83,97.8,4.5324,None,Sikkim,Gangtok / Teesta Monitored Domain,"Observational grid (5.22km buffer from nearest event, real DEM & archive rain)",0,no_recorded_landslide_in_inventory,8.3,17.8,57.8,592.5,0.4662921348314607,0.3079584775086505,58.22,0.991,-0.136,0,3,2016
27.1956,88.25,2017-02-15,1625.0,35.83,97.8,4.5324,None,Sikkim,Gangtok / Teesta Monitored Domain,"Observational grid (5.22km buffer from nearest event, real DEM & archive rain)",0,no_recorded_landslide_in_inventory,0.0,13.1,65.7,159.2,0.0,0.1993911719939117,58.22,0.991,-0.136,0,3,2017
27.1956,88.4167,2014-01-20,1616.0,29.03,59.83,4.1965,None,Sikkim,Gangtok / Teesta Monitored Domain,"Observational grid (5.63km buffer from nearest event, real DEM & archive rain)",0,no_recorded_landslide_in_inventory,1.0,10.1,43.3,120.3,0.09900990099009901,0.23325635103926098,46.91,0.865,0.503,0,2,2014
27.1956,88.4167,2014-07-15,1616.0,29.03,59.83,4.1965,None,Sikkim,Gangtok / Teesta Monitored Domain,"Observational grid (5.63km buffer from nearest event, real DEM & archive rain)",0,no_recorded_landslide_in_inventory,22.2,118.8,307.8,456.7,0.18686868686868688,0.38596491228070173,46.91,0.865,0.503,0,2,2014
27.1956,88.4167,2015-12-10,1616.0,29.03,59.83,4.1965,None,Sikkim,Gangtok / Teesta Monitored Domain,"Observational grid (5.63km buffer from nearest event, real DEM & archive rain)",0,no_recorded_landslide_in_inventory,4.1,4.2,24.8,92.5,0.976190476190476,0.16935483870967744,46.91,0.865,0.503,0,2,2015
27.1956,88.4167,2016-08-05,1616.0,29.03,59.83,4.1965,None,Sikkim,Gangtok / Teesta Monitored Domain,"Observational grid (5.63km buffer from nearest event, real DEM & archive rain)",0,no_recorded_landslide_in_inventory,12.1,33.8,91.1,635.3,0.35798816568047337,0.37102085620197583,46.91,0.865,0.503,0,2,2016
27.1956,88.4167,2017-02-15,1616.0,29.03,59.83,4.1965,None,Sikkim,Gangtok / Teesta Monitored Domain,"Observational grid (5.63km buffer from nearest event, real DEM & archive rain)",0,no_recorded_landslide_in_inventory,0.9,1.6,6.5,14.7,0.5625,0.24615384615384617,46.91,0.865,0.503,0,2,2017
27.1956,88.4722,2014-01-20,646.0,26.45,158.67,-3.6554,None,Sikkim,Gangtok / Teesta Monitored Domain,"Observational grid (7.39km buffer from nearest event, real DEM & archive rain)",0,no_recorded_landslide_in_inventory,0.0,0.1,5.4,25.7,0.0,0.018518518518518517,17.09,0.364,-0.932,0,2,2014
27.1956,88.4722,2014-07-15,646.0,26.45,158.67,-3.6554,None,Sikkim,Gangtok / Teesta Monitored Domain,"Observational grid (7.39km buffer from nearest event, real DEM & archive rain)",0,no_recorded_landslide_in_inventory,19.4,43.0,90.2,164.2,0.4511627906976744,0.4767184035476718,17.09,0.364,-0.932,0,2,2014
27.1956,88.4722,2015-12-10,646.0,26.45,158.67,-3.6554,None,Sikkim,Gangtok / Teesta Monitored Domain,"Observational grid (7.39km buffer from nearest event, real DEM & archive rain)",0,no_recorded_landslide_in_inventory,0.9,0.9,7.8,24.6,0.9,0.11538461538461539,17.09,0.364,-0.932,0,2,2015
27.1956,88.4722,2016-08-05,646.0,26.45,158.67,-3.6554,None,Sikkim,Gangtok / Teesta Monitored Domain,"Observational grid (7.39km buffer from nearest event, real DEM & archive rain)",0,no_recorded_landslide_in_inventory,3.5,5.6,25.3,443.9,0.625,0.22134387351778653,17.09,0.364,-0.932,0,2,2016
27.1956,88.4722,2017-02-15,646.0,26.45,158.67,-3.6554,None,Sikkim,Gangtok / Teesta Monitored Domain,"Observational grid (7.39km buffer from nearest event, real DEM & archive rain)",0,no_recorded_landslide_in_inventory,0.0,0.1,4.1,9.0,0.0,0.02439024390243903,17.09,0.364,-0.932,0,2,2017
27.1956,88.5278,2014-01-20,661.0,32.34,0.0,3.8168,None,Sikkim,Gangtok / Teesta Monitored Domain,"Observational grid (8.44km buffer from nearest event, real DEM & archive rain)",0,no_recorded_landslide_in_inventory,0.0,0.1,5.4,25.7,0.0,0.018518518518518517,21.38,0.0,1.0,0,2,2014
27.1956,88.5278,2014-07-15,661.0,32.34,0.0,3.8168,None,Sikkim,Gangtok / Teesta Monitored Domain,"Observational grid (8.44km buffer from nearest event, real DEM & archive rain)",0,no_recorded_landslide_in_inventory,19.4,43.0,90.2,164.2,0.4511627906976744,0.4767184035476718,21.38,0.0,1.0,0,2,2014
27.1956,88.5278,2015-12-10,661.0,32.34,0.0,3.8168,None,Sikkim,Gangtok / Teesta Monitored Domain,"Observational grid (8.44km buffer from nearest event, real DEM & archive rain)",0,no_recorded_landslide_in_inventory,0.9,0.9,7.8,24.6,0.9,0.11538461538461539,21.38,0.0,1.0,0,2,2015
27.1956,88.5278,2016-08-05,661.0,32.34,0.0,3.8168,None,Sikkim,Gangtok / Teesta Monitored Domain,"Observational grid (8.44km buffer from nearest event, real DEM & archive rain)",0,no_recorded_landslide_in_inventory,3.5,5.6,25.3,443.9,0.625,0.22134387351778653,21.38,0.0,1.0,0,2,2016
27.1956,88.5278,2017-02-15,661.0,32.34,0.0,3.8168,None,Sikkim,Gangtok / Teesta Monitored Domain,"Observational grid (8.44km buffer from nearest event, real DEM & archive rain)",0,no_recorded_landslide_in_inventory,0.0,0.1,4.1,9.0,0.0,0.02439024390243903,21.38,0.0,1.0,0,2,2017
27.1956,88.5833,2014-01-20,840.0,30.19,4.15,2.9091,None,Sikkim,Gangtok / Teesta Monitored Domain,"Observational grid (6.01km buffer from nearest event, real DEM & archive rain)",0,no_recorded_landslide_in_inventory,1.0,10.1,43.3,120.3,0.09900990099009901,0.23325635103926098,25.36,0.072,0.997,0,2,2014
27.1956,88.5833,2014-07-15,840.0,30.19,4.15,2.9091,None,Sikkim,Gangtok / Teesta Monitored Domain,"Observational grid (6.01km buffer from nearest event, real DEM & archive rain)",0,no_recorded_landslide_in_inventory,22.2,118.8,307.8,456.7,0.18686868686868688,0.38596491228070173,25.36,0.072,0.997,0,2,2014
27.1956,88.5833,2015-12-10,840.0,30.19,4.15,2.9091,None,Sikkim,Gangtok / Teesta Monitored Domain,"Observational grid (6.01km buffer from nearest event, real DEM & archive rain)",0,no_recorded_landslide_in_inventory,4.1,4.2,24.8,92.5,0.976190476190476,0.16935483870967744,25.36,0.072,0.997,0,2,2015
27.1956,88.5833,2016-08-05,840.0,30.19,4.15,2.9091,None,Sikkim,Gangtok / Teesta Monitored Domain,"Observational grid (6.01km buffer from nearest event, real DEM & archive rain)",0,no_recorded_landslide_in_inventory,12.1,33.8,91.1,635.3,0.35798816568047337,0.37102085620197583,25.36,0.072,0.997,0,2,2016
27.1956,88.5833,2017-02-15,840.0,30.19,4.15,2.9091,None,Sikkim,Gangtok / Teesta Monitored Domain,"Observational grid (6.01km buffer from nearest event, real DEM & archive rain)",0,no_recorded_landslide_in_inventory,0.9,1.3,5.2,7.0,0.6923076923076923,0.25,25.36,0.072,0.997,0,2,2017
27.1956,88.6944,2014-01-20,1078.0,37.71,191.62,-5.5638,None,Sikkim,Gangtok / Teesta Monitored Domain,"Observational grid (2.63km buffer from nearest event, real DEM & archive rain)",0,no_recorded_landslide_in_inventory,0.0,0.0,0.1,1.7,0.0,0.0,40.65,-0.201,-0.98,1,3,2014
27.1956,88.6944,2014-07-15,1078.0,37.71,191.62,-5.5638,None,Sikkim,Gangtok / Teesta Monitored Domain,"Observational grid (2.63km buffer from nearest event, real DEM & archive rain)",0,no_recorded_landslide_in_inventory,29.1,65.9,112.2,244.9,0.44157814871016693,0.5873440285204992,40.65,-0.201,-0.98,1,3,2014
27.1956,88.6944,2015-12-10,1078.0,37.71,191.62,-5.5638,None,Sikkim,Gangtok / Teesta Monitored Domain,"Observational grid (2.63km buffer from nearest event, real DEM & archive rain)",0,no_recorded_landslide_in_inventory,0.0,0.0,2.0,4.3,0.0,0.0,40.65,-0.201,-0.98,1,3,2015
27.1956,88.6944,2016-08-05,1078.0,37.71,191.62,-5.5638,None,Sikkim,Gangtok / Teesta Monitored Domain,"Observational grid (2.63km buffer from nearest event, real DEM & archive rain)",0,no_recorded_landslide_in_inventory,32.4,66.7,152.9,553.6,0.4857571214392803,0.43623283191628515,40.65,-0.201,-0.98,1,3,2016
27.1956,88.6944,2017-02-15,1078.0,37.71,191.62,-5.5638,None,Sikkim,Gangtok / Teesta Monitored Domain,"Observational grid (2.63km buffer from nearest event, real DEM & archive rain)",0,no_recorded_landslide_in_inventory,0.7,0.9,2.0,12.0,0.7,0.45,40.65,-0.201,-0.98,1,3,2017
27.1956,88.75,2014-01-20,2277.0,31.47,297.5,-2.1043,None,Sikkim,Gangtok / Teesta Monitored Domain,"Observational grid (2.87km buffer from nearest event, real DEM & archive rain)",0,no_recorded_landslide_in_inventory,0.1,4.4,12.5,31.8,0.022727272727272728,0.35200000000000004,71.66,-0.887,0.462,1,2,2014
27.1956,88.75,2014-07-15,2277.0,31.47,297.5,-2.1043,None,Sikkim,Gangtok / Teesta Monitored Domain,"Observational grid (2.87km buffer from nearest event, real DEM & archive rain)",0,no_recorded_landslide_in_inventory,31.3,104.3,218.6,401.5,0.30009587727708537,0.47712717291857276,71.66,-0.887,0.462,1,2,2014
27.1956,88.75,2015-12-10,2277.0,31.47,297.5,-2.1043,None,Sikkim,Gangtok / Teesta Monitored Domain,"Observational grid (2.87km buffer from nearest event, real DEM & archive rain)",0,no_recorded_landslide_in_inventory,0.8,0.8,7.0,25.5,0.8,0.1142857142857143,71.66,-0.887,0.462,1,2,2015
27.1956,88.75,2016-08-05,2277.0,31.47,297.5,-2.1043,None,Sikkim,Gangtok / Teesta Monitored Domain,"Observational grid (2.87km buffer from nearest event, real DEM & archive rain)",0,no_recorded_landslide_in_inventory,35.6,82.2,197.6,613.3,0.43309002433090027,0.4159919028340081,71.66,-0.887,0.462,1,2,2016
27.1956,88.75,2017-02-15,2277.0,31.47,297.5,-2.1043,None,Sikkim,Gangtok / Teesta Monitored Domain,"Observational grid (2.87km buffer from nearest event, real DEM & archive rain)",0,no_recorded_landslide_in_inventory,0.4,2.3,2.5,6.3,0.1739130434782609,0.9199999999999999,71.66,-0.887,0.462,1,2,2017
27.2333,88.25,2014-01-20,1523.0,47.89,118.93,3.3972,None,Sikkim,Gangtok / Teesta Monitored Domain,"Observational grid (6.96km buffer from nearest event, real DEM & archive rain)",0,no_recorded_landslide_in_inventory,0.5,4.3,13.2,31.3,0.11627906976744186,0.32575757575757575,72.94,0.875,-0.484,0,3,2014
27.2333,88.25,2014-07-15,1523.0,47.89,118.93,3.3972,None,Sikkim,Gangtok / Teesta Monitored Domain,"Observational grid (6.96km buffer from nearest event, real DEM & archive rain)",0,no_recorded_landslide_in_inventory,37.6,89.8,190.6,317.7,0.4187082405345212,0.47114375655823715,72.94,0.875,-0.484,0,3,2014
27.2333,88.25,2015-12-10,1523.0,47.89,118.93,3.3972,None,Sikkim,Gangtok / Teesta Monitored Domain,"Observational grid (6.96km buffer from nearest event, real DEM & archive rain)",0,no_recorded_landslide_in_inventory,3.1,3.1,12.5,53.3,1.0,0.248,72.94,0.875,-0.484,0,3,2015
27.2333,88.25,2016-08-05,1523.0,47.89,118.93,3.3972,None,Sikkim,Gangtok / Teesta Monitored Domain,"Observational grid (6.96km buffer from nearest event, real DEM & archive rain)",0,no_recorded_landslide_in_inventory,8.3,17.8,57.8,592.5,0.4662921348314607,0.3079584775086505,72.94,0.875,-0.484,0,3,2016
27.2333,88.25,2017-02-15,1523.0,47.89,118.93,3.3972,None,Sikkim,Gangtok / Teesta Monitored Domain,"Observational grid (6.96km buffer from nearest event, real DEM & archive rain)",0,no_recorded_landslide_in_inventory,0.7,6.0,56.0,142.0,0.11666666666666665,0.10714285714285714,72.94,0.875,-0.484,0,3,2017
27.2333,88.3056,2014-01-20,765.0,43.14,265.85,5.3747,None,Sikkim,Gangtok / Teesta Monitored Domain,"Observational grid (4.63km buffer from nearest event, real DEM & archive rain)",0,no_recorded_landslide_in_inventory,0.0,0.1,5.4,25.7,0.0,0.018518518518518517,33.0,-0.997,-0.072,0,3,2014
27.2333,88.3056,2014-07-15,765.0,43.14,265.85,5.3747,None,Sikkim,Gangtok / Teesta Monitored Domain,"Observational grid (4.63km buffer from nearest event, real DEM & archive rain)",0,no_recorded_landslide_in_inventory,19.4,43.0,90.2,164.2,0.4511627906976744,0.4767184035476718,33.0,-0.997,-0.072,0,3,2014
27.2333,88.3056,2015-12-10,765.0,43.14,265.85,5.3747,None,Sikkim,Gangtok / Teesta Monitored Domain,"Observational grid (4.63km buffer from nearest event, real DEM & archive rain)",0,no_recorded_landslide_in_inventory,0.9,0.9,7.8,24.6,0.9,0.11538461538461539,33.0,-0.997,-0.072,0,3,2015
27.2333,88.3056,2016-08-05,765.0,43.14,265.85,5.3747,None,Sikkim,Gangtok / Teesta Monitored Domain,"Observational grid (4.63km buffer from nearest event, real DEM & archive rain)",0,no_recorded_landslide_in_inventory,3.5,5.6,25.3,443.9,0.625,0.22134387351778653,33.0,-0.997,-0.072,0,3,2016
27.2333,88.3056,2017-02-15,765.0,43.14,265.85,5.3747,None,Sikkim,Gangtok / Teesta Monitored Domain,"Observational grid (4.63km buffer from nearest event, real DEM & archive rain)",0,no_recorded_landslide_in_inventory,0.0,0.2,10.8,36.1,0.0,0.018518518518518517,33.0,-0.997,-0.072,0,3,2017
27.2333,88.3611,2014-01-20,2078.0,50.49,23.53,10.4224,None,Sikkim,Gangtok / Teesta Monitored Domain,"Observational grid (2.88km buffer from nearest event, real DEM & archive rain)",0,no_recorded_landslide_in_inventory,0.5,4.3,13.2,31.3,0.11627906976744186,0.32575757575757575,104.92,0.399,0.917,2,3,2014
27.2333,88.3611,2014-07-15,2078.0,50.49,23.53,10.4224,None,Sikkim,Gangtok / Teesta Monitored Domain,"Observational grid (2.88km buffer from nearest event, real DEM & archive rain)",0,no_recorded_landslide_in_inventory,37.6,89.8,190.6,317.7,0.4187082405345212,0.47114375655823715,104.92,0.399,0.917,2,3,2014
27.2333,88.3611,2015-12-10,2078.0,50.49,23.53,10.4224,None,Sikkim,Gangtok / Teesta Monitored Domain,"Observational grid (2.88km buffer from nearest event, real DEM & archive rain)",0,no_recorded_landslide_in_inventory,3.1,3.1,12.5,53.3,1.0,0.248,104.92,0.399,0.917,2,3,2015
27.2333,88.3611,2016-08-05,2078.0,50.49,23.53,10.4224,None,Sikkim,Gangtok / Teesta Monitored Domain,"Observational grid (2.88km buffer from nearest event, real DEM & archive rain)",0,no_recorded_landslide_in_inventory,8.3,17.8,57.8,592.5,0.4662921348314607,0.3079584775086505,104.92,0.399,0.917,2,3,2016
27.2333,88.3611,2017-02-15,2078.0,50.49,23.53,10.4224,None,Sikkim,Gangtok / Teesta Monitored Domain,"Observational grid (2.88km buffer from nearest event, real DEM & archive rain)",0,no_recorded_landslide_in_inventory,0.0,2.3,6.8,18.0,0.0,0.338235294117647,104.92,0.399,0.917,2,3,2017
27.2333,88.4167,2014-01-20,1760.0,27.23,117.94,1.8124,None,Sikkim,Gangtok / Teesta Monitored Domain,"Observational grid (5.38km buffer from nearest event, real DEM & archive rain)",0,no_recorded_landslide_in_inventory,1.0,10.1,43.3,120.3,0.09900990099009901,0.23325635103926098,47.92,0.883,-0.469,0,2,2014
27.2333,88.4167,2014-07-15,1760.0,27.23,117.94,1.8124,None,Sikkim,Gangtok / Teesta Monitored Domain,"Observational grid (5.38km buffer from nearest event, real DEM & archive rain)",0,no_recorded_landslide_in_inventory,22.2,118.8,307.8,456.7,0.18686868686868688,0.38596491228070173,47.92,0.883,-0.469,0,2,2014
27.2333,88.4167,2015-12-10,1760.0,27.23,117.94,1.8124,None,Sikkim,Gangtok / Teesta Monitored Domain,"Observational grid (5.38km buffer from nearest event, real DEM & archive rain)",0,no_recorded_landslide_in_inventory,4.1,4.2,24.8,92.5,0.976190476190476,0.16935483870967744,47.92,0.883,-0.469,0,2,2015
27.2333,88.4167,2016-08-05,1760.0,27.23,117.94,1.8124,None,Sikkim,Gangtok / Teesta Monitored Domain,"Observational grid (5.38km buffer from nearest event, real DEM & archive rain)",0,no_recorded_landslide_in_inventory,12.1,33.8,91.1,635.3,0.35798816568047337,0.37102085620197583,47.92,0.883,-0.469,0,2,2016
27.2333,88.4167,2017-02-15,1760.0,27.23,117.94,1.8124,None,Sikkim,Gangtok / Teesta Monitored Domain,"Observational grid (5.38km buffer from nearest event, real DEM & archive rain)",0,no_recorded_landslide_in_inventory,0.0,2.3,6.8,18.0,0.0,0.338235294117647,47.92,0.883,-0.469,0,2,2017
27.2333,88.4722,2014-01-20,931.0,26.61,161.38,-4.2465,None,Sikkim,Gangtok / Teesta Monitored Domain,"Observational grid (9.19km buffer from nearest event, real DEM & archive rain)",0,no_recorded_landslide_in_inventory,1.0,10.1,43.3,120.3,0.09900990099009901,0.23325635103926098,24.77,0.319,-0.948,0,2,2014
27.2333,88.4722,2014-07-15,931.0,26.61,161.38,-4.2465,None,Sikkim,Gangtok / Teesta Monitored Domain,"Observational grid (9.19km buffer from nearest event, real DEM & archive rain)",0,no_recorded_landslide_in_inventory,22.2,118.8,307.8,456.7,0.18686868686868688,0.38596491228070173,24.77,0.319,-0.948,0,2,2014
27.2333,88.4722,2015-12-10,931.0,26.61,161.38,-4.2465,None,Sikkim,Gangtok / Teesta Monitored Domain,"Observational grid (9.19km buffer from nearest event, real DEM & archive rain)",0,no_recorded_landslide_in_inventory,4.1,4.2,24.8,92.5,0.976190476190476,0.16935483870967744,24.77,0.319,-0.948,0,2,2015
27.2333,88.4722,2016-08-05,931.0,26.61,161.38,-4.2465,None,Sikkim,Gangtok / Teesta Monitored Domain,"Observational grid (9.19km buffer from nearest event, real DEM & archive rain)",0,no_recorded_landslide_in_inventory,12.1,33.8,91.1,635.3,0.35798816568047337,0.37102085620197583,24.77,0.319,-0.948,0,2,2016
27.2333,88.4722,2017-02-15,931.0,26.61,161.38,-4.2465,None,Sikkim,Gangtok / Teesta Monitored Domain,"Observational grid (9.19km buffer from nearest event, real DEM & archive rain)",0,no_recorded_landslide_in_inventory,0.0,3.0,28.9,60.4,0.0,0.10380622837370243,24.77,0.319,-0.948,0,2,2017
27.2333,88.5278,2014-01-20,964.0,43.52,180.0,-5.7252,None,Sikkim,Gangtok / Teesta Monitored Domain,"Observational grid (4.73km buffer from nearest event, real DEM & archive rain)",0,no_recorded_landslide_in_inventory,1.0,10.1,43.3,120.3,0.09900990099009901,0.23325635103926098,41.95,0.0,-1.0,1,3,2014
27.2333,88.5278,2014-07-15,964.0,43.52,180.0,-5.7252,None,Sikkim,Gangtok / Teesta Monitored Domain,"Observational grid (4.73km buffer from nearest event, real DEM & archive rain)",0,no_recorded_landslide_in_inventory,22.2,118.8,307.8,456.7,0.18686868686868688,0.38596491228070173,41.95,0.0,-1.0,1,3,2014
27.2333,88.5278,2015-12-10,964.0,43.52,180.0,-5.7252,None,Sikkim,Gangtok / Teesta Monitored Domain,"Observational grid (4.73km buffer from nearest event, real DEM & archive rain)",0,no_recorded_landslide_in_inventory,4.1,4.2,24.8,92.5,0.976190476190476,0.16935483870967744,41.95,0.0,-1.0,1,3,2015
27.2333,88.5278,2016-08-05,964.0,43.52,180.0,-5.7252,None,Sikkim,Gangtok / Teesta Monitored Domain,"Observational grid (4.73km buffer from nearest event, real DEM & archive rain)",0,no_recorded_landslide_in_inventory,12.1,33.8,91.1,635.3,0.35798816568047337,0.37102085620197583,41.95,0.0,-1.0,1,3,2016
27.2333,88.5278,2017-02-15,964.0,43.52,180.0,-5.7252,None,Sikkim,Gangtok / Teesta Monitored Domain,"Observational grid (4.73km buffer from nearest event, real DEM & archive rain)",0,no_recorded_landslide_in_inventory,0.0,3.0,28.9,60.4,0.0,0.10380622837370243,41.95,0.0,-1.0,1,3,2017
27.2333,88.5833,2014-01-20,1578.0,26.03,82.46,-3.1297,None,Sikkim,Gangtok / Teesta Monitored Domain,"Observational grid (3.37km buffer from nearest event, real DEM & archive rain)",0,no_recorded_landslide_in_inventory,1.0,10.1,43.3,120.3,0.09900990099009901,0.23325635103926098,41.08,0.991,0.131,1,2,2014
27.2333,88.5833,2014-07-15,1578.0,26.03,82.46,-3.1297,None,Sikkim,Gangtok / Teesta Monitored Domain,"Observational grid (3.37km buffer from nearest event, real DEM & archive rain)",0,no_recorded_landslide_in_inventory,22.2,118.8,307.8,456.7,0.18686868686868688,0.38596491228070173,41.08,0.991,0.131,1,2,2014
27.2333,88.5833,2015-12-10,1578.0,26.03,82.46,-3.1297,None,Sikkim,Gangtok / Teesta Monitored Domain,"Observational grid (3.37km buffer from nearest event, real DEM & archive rain)",0,no_recorded_landslide_in_inventory,4.1,4.2,24.8,92.5,0.976190476190476,0.16935483870967744,41.08,0.991,0.131,1,2,2015
27.2333,88.5833,2016-08-05,1578.0,26.03,82.46,-3.1297,None,Sikkim,Gangtok / Teesta Monitored Domain,"Observational grid (3.37km buffer from nearest event, real DEM & archive rain)",0,no_recorded_landslide_in_inventory,12.1,33.8,91.1,635.3,0.35798816568047337,0.37102085620197583,41.08,0.991,0.131,1,2,2016
27.2333,88.5833,2017-02-15,1578.0,26.03,82.46,-3.1297,None,Sikkim,Gangtok / Teesta Monitored Domain,"Observational grid (3.37km buffer from nearest event, real DEM & archive rain)",0,no_recorded_landslide_in_inventory,0.0,1.8,2.9,8.5,0.0,0.6206896551724138,41.08,0.991,0.131,1,2,2017
27.2333,88.6389,2014-01-20,1457.0,53.95,350.83,11.0833,None,Sikkim,Gangtok / Teesta Monitored Domain,"Observational grid (2.57km buffer from nearest event, real DEM & archive rain)",0,no_recorded_landslide_in_inventory,1.0,10.1,43.3,120.3,0.09900990099009901,0.23325635103926098,78.61,-0.159,0.987,0,3,2014
27.2333,88.6389,2014-07-15,1457.0,53.95,350.83,11.0833,None,Sikkim,Gangtok / Teesta Monitored Domain,"Observational grid (2.57km buffer from nearest event, real DEM & archive rain)",0,no_recorded_landslide_in_inventory,22.2,118.8,307.8,456.7,0.18686868686868688,0.38596491228070173,78.61,-0.159,0.987,0,3,2014
27.2333,88.6389,2015-12-10,1457.0,53.95,350.83,11.0833,None,Sikkim,Gangtok / Teesta Monitored Domain,"Observational grid (2.57km buffer from nearest event, real DEM & archive rain)",0,no_recorded_landslide_in_inventory,4.1,4.2,24.8,92.5,0.976190476190476,0.16935483870967744,78.61,-0.159,0.987,0,3,2015
27.2333,88.6389,2016-08-05,1457.0,53.95,350.83,11.0833,None,Sikkim,Gangtok / Teesta Monitored Domain,"Observational grid (2.57km buffer from nearest event, real DEM & archive rain)",0,no_recorded_landslide_in_inventory,12.1,33.8,91.1,635.3,0.35798816568047337,0.37102085620197583,78.61,-0.159,0.987,0,3,2016
27.2333,88.6389,2017-02-15,1457.0,53.95,350.83,11.0833,None,Sikkim,Gangtok / Teesta Monitored Domain,"Observational grid (2.57km buffer from nearest event, real DEM & archive rain)",0,no_recorded_landslide_in_inventory,0.0,1.8,2.9,8.5,0.0,0.6206896551724138,78.61,-0.159,0.987,0,3,2017
27.2333,88.6944,2014-01-20,1404.0,29.62,14.58,2.5445,None,Sikkim,Gangtok / Teesta Monitored Domain,"Observational grid (2.41km buffer from nearest event, real DEM & archive rain)",0,no_recorded_landslide_in_inventory,1.0,10.1,43.3,120.3,0.09900990099009901,0.23325635103926098,41.59,0.252,0.968,1,2,2014
27.2333,88.6944,2014-07-15,1404.0,29.62,14.58,2.5445,None,Sikkim,Gangtok / Teesta Monitored Domain,"Observational grid (2.41km buffer from nearest event, real DEM & archive rain)",0,no_recorded_landslide_in_inventory,22.2,118.8,307.8,456.7,0.18686868686868688,0.38596491228070173,41.59,0.252,0.968,1,2,2014
27.2333,88.6944,2015-12-10,1404.0,29.62,14.58,2.5445,None,Sikkim,Gangtok / Teesta Monitored Domain,"Observational grid (2.41km buffer from nearest event, real DEM & archive rain)",0,no_recorded_landslide_in_inventory,4.1,4.2,24.8,92.5,0.976190476190476,0.16935483870967744,41.59,0.252,0.968,1,2,2015
27.2333,88.6944,2016-08-05,1404.0,29.62,14.58,2.5445,None,Sikkim,Gangtok / Teesta Monitored Domain,"Observational grid (2.41km buffer from nearest event, real DEM & archive rain)",0,no_recorded_landslide_in_inventory,12.1,33.8,91.1,635.3,0.35798816568047337,0.37102085620197583,41.59,0.252,0.968,1,2,2016
27.2333,88.6944,2017-02-15,1404.0,29.62,14.58,2.5445,None,Sikkim,Gangtok / Teesta Monitored Domain,"Observational grid (2.41km buffer from nearest event, real DEM & archive rain)",0,no_recorded_landslide_in_inventory,0.1,1.4,1.6,12.8,0.07142857142857144,0.8749999999999999,41.59,0.252,0.968,1,2,2017
27.2333,88.75,2014-01-20,1951.0,40.34,279.45,-4.4442,None,Sikkim,Gangtok / Teesta Monitored Domain,"Observational grid (2.19km buffer from nearest event, real DEM & archive rain)",0,no_recorded_landslide_in_inventory,0.1,4.4,12.5,31.8,0.022727272727272728,0.35200000000000004,78.7,-0.986,0.164,4,3,2014
27.2333,88.75,2014-07-15,1951.0,40.34,279.45,-4.4442,None,Sikkim,Gangtok / Teesta Monitored Domain,"Observational grid (2.19km buffer from nearest event, real DEM & archive rain)",0,no_recorded_landslide_in_inventory,31.3,104.3,218.6,401.5,0.30009587727708537,0.47712717291857276,78.7,-0.986,0.164,4,3,2014
27.2333,88.75,2015-12-10,1951.0,40.34,279.45,-4.4442,None,Sikkim,Gangtok / Teesta Monitored Domain,"Observational grid (2.19km buffer from nearest event, real DEM & archive rain)",0,no_recorded_landslide_in_inventory,0.8,0.8,7.0,25.5,0.8,0.1142857142857143,78.7,-0.986,0.164,4,3,2015
27.2333,88.75,2016-08-05,1951.0,40.34,279.45,-4.4442,None,Sikkim,Gangtok / Teesta Monitored Domain,"Observational grid (2.19km buffer from nearest event, real DEM & archive rain)",0,no_recorded_landslide_in_inventory,35.6,82.2,197.6,613.3,0.43309002433090027,0.4159919028340081,78.7,-0.986,0.164,4,3,2016
27.2333,88.75,2017-02-15,1951.0,40.34,279.45,-4.4442,None,Sikkim,Gangtok / Teesta Monitored Domain,"Observational grid (2.19km buffer from nearest event, real DEM & archive rain)",0,no_recorded_landslide_in_inventory,0.0,2.3,4.4,13.5,0.0,0.5227272727272726,78.7,-0.986,0.164,4,3,2017
27.2711,88.25,2014-01-20,737.0,40.17,1.14,-4.3625,None,Sikkim,Gangtok / Teesta Monitored Domain,"Observational grid (4.01km buffer from nearest event, real DEM & archive rain)",0,no_recorded_landslide_in_inventory,0.5,4.3,13.2,31.3,0.11627906976744186,0.32575757575757575,29.61,0.02,1.0,1,3,2014
27.2711,88.25,2014-07-15,737.0,40.17,1.14,-4.3625,None,Sikkim,Gangtok / Teesta Monitored Domain,"Observational grid (4.01km buffer from nearest event, real DEM & archive rain)",0,no_recorded_landslide_in_inventory,37.6,89.8,190.6,317.7,0.4187082405345212,0.47114375655823715,29.61,0.02,1.0,1,3,2014
27.2711,88.25,2015-12-10,737.0,40.17,1.14,-4.3625,None,Sikkim,Gangtok / Teesta Monitored Domain,"Observational grid (4.01km buffer from nearest event, real DEM & archive rain)",0,no_recorded_landslide_in_inventory,3.1,3.1,12.5,53.3,1.0,0.248,29.61,0.02,1.0,1,3,2015
27.2711,88.25,2016-08-05,737.0,40.17,1.14,-4.3625,None,Sikkim,Gangtok / Teesta Monitored Domain,"Observational grid (4.01km buffer from nearest event, real DEM & archive rain)",0,no_recorded_landslide_in_inventory,8.3,17.8,57.8,592.5,0.4662921348314607,0.3079584775086505,29.61,0.02,1.0,1,3,2016
27.2711,88.25,2017-02-15,737.0,40.17,1.14,-4.3625,None,Sikkim,Gangtok / Teesta Monitored Domain,"Observational grid (4.01km buffer from nearest event, real DEM & archive rain)",0,no_recorded_landslide_in_inventory,0.0,0.2,10.8,36.1,0.0,0.018518518518518517,29.61,0.02,1.0,1,3,2017
27.2711,88.3056,2014-01-20,1186.0,46.07,312.75,0.6315,None,Sikkim,Gangtok / Teesta Monitored Domain,"Observational grid (3.13km buffer from nearest event, real DEM & archive rain)",0,no_recorded_landslide_in_inventory,0.5,4.3,13.2,31.3,0.11627906976744186,0.32575757575757575,54.64,-0.734,0.679,0,3,2014
27.2711,88.3056,2014-07-15,1186.0,46.07,312.75,0.6315,None,Sikkim,Gangtok / Teesta Monitored Domain,"Observational grid (3.13km buffer from nearest event, real DEM & archive rain)",0,no_recorded_landslide_in_inventory,37.6,89.8,190.6,317.7,0.4187082405345212,0.47114375655823715,54.64,-0.734,0.679,0,3,2014
27.2711,88.3056,2015-12-10,1186.0,46.07,312.75,0.6315,None,Sikkim,Gangtok / Teesta Monitored Domain,"Observational grid (3.13km buffer from nearest event, real DEM & archive rain)",0,no_recorded_landslide_in_inventory,3.1,3.1,12.5,53.3,1.0,0.248,54.64,-0.734,0.679,0,3,2015
27.2711,88.3056,2016-08-05,1186.0,46.07,312.75,0.6315,None,Sikkim,Gangtok / Teesta Monitored Domain,"Observational grid (3.13km buffer from nearest event, real DEM & archive rain)",0,no_recorded_landslide_in_inventory,8.3,17.8,57.8,592.5,0.4662921348314607,0.3079584775086505,54.64,-0.734,0.679,0,3,2016
27.2711,88.3056,2017-02-15,1186.0,46.07,312.75,0.6315,None,Sikkim,Gangtok / Teesta Monitored Domain,"Observational grid (3.13km buffer from nearest event, real DEM & archive rain)",0,no_recorded_landslide_in_inventory,0.0,0.2,10.8,36.1,0.0,0.018518518518518517,54.64,-0.734,0.679,0,3,2017
27.2711,88.3611,2018-07-20,2084.0,47.03,61.48,3.2656,None,Sikkim,Gangtok / Teesta Monitored Domain,"Observational grid (2.05km buffer from nearest event, real DEM & archive rain)",0,no_recorded_landslide_in_inventory,11.6,30.1,151.1,390.0,0.3853820598006644,0.19920582395764397,98.01,0.879,0.477,5,3,2018
27.2711,88.3611,2019-01-15,2084.0,47.03,61.48,3.2656,None,Sikkim,Gangtok / Teesta Monitored Domain,"Observational grid (2.05km buffer from nearest event, real DEM & archive rain)",0,no_recorded_landslide_in_inventory,0.0,0.3,0.8,1.8,0.0,0.3,98.01,0.879,0.477,5,3,2019
27.2711,88.3611,2020-08-10,2084.0,47.03,61.48,3.2656,None,Sikkim,Gangtok / Teesta Monitored Domain,"Observational grid (2.05km buffer from nearest event, real DEM & archive rain)",0,no_recorded_landslide_in_inventory,19.9,109.5,200.1,526.9,0.18173515981735158,0.5472263868065967,98.01,0.879,0.477,5,3,2020
27.2711,88.4167,2018-07-20,688.0,28.41,355.09,-3.8164,None,Sikkim,Gangtok / Teesta Monitored Domain,"Observational grid (3.45km buffer from nearest event, real DEM & archive rain)",0,no_recorded_landslide_in_inventory,7.4,27.2,186.0,441.8,0.2720588235294118,0.14623655913978495,19.55,-0.086,0.996,2,2,2018
27.2711,88.4167,2019-01-15,688.0,28.41,355.09,-3.8164,None,Sikkim,Gangtok / Teesta Monitored Domain,"Observational grid (3.45km buffer from nearest event, real DEM & archive rain)",0,no_recorded_landslide_in_inventory,0.0,0.1,1.2,2.0,0.0,0.08333333333333334,19.55,-0.086,0.996,2,2,2019
27.2711,88.4167,2020-08-10,688.0,28.41,355.09,-3.8164,None,Sikkim,Gangtok / Teesta Monitored Domain,"Observational grid (3.45km buffer from nearest event, real DEM & archive rain)",0,no_recorded_landslide_in_inventory,21.1,115.5,208.5,565.5,0.1826839826839827,0.5539568345323741,19.55,-0.086,0.996,2,2,2020
27.2711,88.4722,2018-07-20,1499.0,28.28,52.97,-4.3369,None,Sikkim,Gangtok / Teesta Monitored Domain,"Observational grid (7.73km buffer from nearest event, real DEM & archive rain)",0,no_recorded_landslide_in_inventory,8.8,19.2,68.3,344.8,0.45833333333333337,0.28111273792093705,42.39,0.798,0.602,0,2,2018
27.2711,88.4722,2019-01-15,1499.0,28.28,52.97,-4.3369,None,Sikkim,Gangtok / Teesta Monitored Domain,"Observational grid (7.73km buffer from nearest event, real DEM & archive rain)",0,no_recorded_landslide_in_inventory,0.0,2.8,9.3,28.3,0.0,0.30107526881720426,42.39,0.798,0.602,0,2,2019
27.2711,88.4722,2020-08-10,1499.0,28.28,52.97,-4.3369,None,Sikkim,Gangtok / Teesta Monitored Domain,"Observational grid (7.73km buffer from nearest event, real DEM & archive rain)",0,no_recorded_landslide_in_inventory,65.6,199.5,211.8,737.8,0.32882205513784457,0.9419263456090651,42.39,0.798,0.602,0,2,2020
27.2711,88.5278,2018-07-20,1178.0,15.18,0.0,-1.6358,None,Sikkim,Gangtok / Teesta Monitored Domain,"Observational grid (2.65km buffer from nearest event, real DEM & archive rain)",0,no_recorded_landslide_in_inventory,7.7,16.8,66.9,278.4,0.4583333333333333,0.25112107623318386,17.88,0.0,1.0,4,2,2018
27.2711,88.5278,2019-01-15,1178.0,15.18,0.0,-1.6358,None,Sikkim,Gangtok / Teesta Monitored Domain,"Observational grid (2.65km buffer from nearest event, real DEM & archive rain)",0,no_recorded_landslide_in_inventory,0.0,0.4,0.5,2.3,0.0,0.4,17.88,0.0,1.0,4,2,2019
27.2711,88.5278,2020-08-10,1178.0,15.18,0.0,-1.6358,None,Sikkim,Gangtok / Teesta Monitored Domain,"Observational grid (2.65km buffer from nearest event, real DEM & archive rain)",0,no_recorded_landslide_in_inventory,58.1,177.7,200.8,609.0,0.32695554305008445,0.8849601593625497,17.88,0.0,1.0,4,2,2020
27.2711,88.6389,2018-07-20,1725.0,27.21,203.66,4.3834,None,Sikkim,Gangtok / Teesta Monitored Domain,"Observational grid (1.92km buffer from nearest event, real DEM & archive rain)",0,no_recorded_landslide_in_inventory,2.5,18.3,114.9,340.2,0.13661202185792348,0.15926892950391644,46.94,-0.401,-0.916,3,2,2018
27.2711,88.6389,2019-01-15,1725.0,27.21,203.66,4.3834,None,Sikkim,Gangtok / Teesta Monitored Domain,"Observational grid (1.92km buffer from nearest event, real DEM & archive rain)",0,no_recorded_landslide_in_inventory,0.0,0.4,1.7,3.8,0.0,0.23529411764705885,46.94,-0.401,-0.916,3,2,2019
27.2711,88.6389,2020-08-10,1725.0,27.21,203.66,4.3834,None,Sikkim,Gangtok / Teesta Monitored Domain,"Observational grid (1.92km buffer from nearest event, real DEM & archive rain)",0,no_recorded_landslide_in_inventory,44.8,153.9,232.1,437.8,0.29109811565951915,0.6630762602326584,46.94,-0.401,-0.916,3,2,2020
27.2711,88.6944,2018-07-20,1953.0,43.69,43.45,1.2676,None,Sikkim,Gangtok / Teesta Monitored Domain,"Observational grid (2.35km buffer from nearest event, real DEM & archive rain)",0,no_recorded_landslide_in_inventory,2.5,18.3,114.9,340.2,0.13661202185792348,0.15926892950391644,85.33,0.688,0.726,22,3,2018
27.2711,88.6944,2019-01-15,1953.0,43.69,43.45,1.2676,None,Sikkim,Gangtok / Teesta Monitored Domain,"Observational grid (2.35km buffer from nearest event, real DEM & archive rain)",0,no_recorded_landslide_in_inventory,0.0,0.4,1.7,3.8,0.0,0.23529411764705885,85.33,0.688,0.726,22,3,2019
27.2711,88.6944,2020-08-10,1953.0,43.69,43.45,1.2676,None,Sikkim,Gangtok / Teesta Monitored Domain,"Observational grid (2.35km buffer from nearest event, real DEM & archive rain)",0,no_recorded_landslide_in_inventory,44.8,153.9,232.1,437.8,0.29109811565951915,0.6630762602326584,85.33,0.688,0.726,22,3,2020
27.2711,88.75,2018-07-20,2485.0,50.95,126.6,11.3532,None,Sikkim,Gangtok / Teesta Monitored Domain,"Observational grid (1.79km buffer from nearest event, real DEM & archive rain)",0,no_recorded_landslide_in_inventory,19.0,35.5,117.1,333.1,0.5352112676056338,0.3031596925704526,126.61,0.803,-0.596,35,3,2018
27.2711,88.75,2019-01-15,2485.0,50.95,126.6,11.3532,None,Sikkim,Gangtok / Teesta Monitored Domain,"Observational grid (1.79km buffer from nearest event, real DEM & archive rain)",0,no_recorded_landslide_in_inventory,0.0,6.8,8.9,13.3,0.0,0.7640449438202247,126.61,0.803,-0.596,35,3,2019
27.2711,88.75,2020-08-10,2485.0,50.95,126.6,11.3532,None,Sikkim,Gangtok / Teesta Monitored Domain,"Observational grid (1.79km buffer from nearest event, real DEM & archive rain)",0,no_recorded_landslide_in_inventory,36.4,226.6,302.3,513.8,0.16063548102383055,0.7495865034733707,126.61,0.803,-0.596,35,3,2020
27.3089,88.25,2018-07-20,1892.0,31.81,190.17,-4.3165,None,Sikkim,Gangtok / Teesta Monitored Domain,"Observational grid (3.1km buffer from nearest event, real DEM & archive rain)",0,no_recorded_landslide_in_inventory,0.5,6.1,44.4,310.3,0.0819672131147541,0.13738738738738737,60.18,-0.177,-0.984,4,2,2018
27.3089,88.25,2019-01-15,1892.0,31.81,190.17,-4.3165,None,Sikkim,Gangtok / Teesta Monitored Domain,"Observational grid (3.1km buffer from nearest event, real DEM & archive rain)",0,no_recorded_landslide_in_inventory,0.1,8.3,27.6,49.0,0.012048192771084336,0.3007246376811594,60.18,-0.177,-0.984,4,2,2019
27.3089,88.25,2020-08-10,1892.0,31.81,190.17,-4.3165,None,Sikkim,Gangtok / Teesta Monitored Domain,"Observational grid (3.1km buffer from nearest event, real DEM & archive rain)",0,no_recorded_landslide_in_inventory,70.6,221.2,252.6,533.2,0.3191681735985533,0.8756927949326999,60.18,-0.177,-0.984,4,2,2020
27.3089,88.3056,2018-07-20,1104.0,30.52,99.57,-4.8154,None,Sikkim,Gangtok / Teesta Monitored Domain,"Observational grid (1.88km buffer from nearest event, real DEM & archive rain)",0,no_recorded_landslide_in_inventory,0.4,13.1,69.3,232.9,0.03053435114503817,0.18903318903318903,33.69,0.986,-0.166,6,2,2018
27.3089,88.3056,2019-01-15,1104.0,30.52,99.57,-4.8154,None,Sikkim,Gangtok / Teesta Monitored Domain,"Observational grid (1.88km buffer from nearest event, real DEM & archive rain)",0,no_recorded_landslide_in_inventory,0.0,2.1,7.4,9.5,0.0,0.28378378378378377,33.69,0.986,-0.166,6,2,2019
27.3089,88.3056,2020-08-10,1104.0,30.52,99.57,-4.8154,None,Sikkim,Gangtok / Teesta Monitored Domain,"Observational grid (1.88km buffer from nearest event, real DEM & archive rain)",0,no_recorded_landslide_in_inventory,38.2,182.4,265.6,587.1,0.20942982456140352,0.6867469879518072,33.69,0.986,-0.166,6,2,2020
27.3089,88.3611,2021-07-15,2046.0,29.04,300.14,-2.0665,None,Sikkim,Gangtok / Teesta Monitored Domain,"Observational grid (2.18km buffer from nearest event, real DEM & archive rain)",0,no_recorded_landslide_in_inventory,23.6,51.1,155.6,403.1,0.46183953033268105,0.32840616966580977,59.42,-0.865,0.502,5,2,2021
27.3089,88.3611,2022-01-20,2046.0,29.04,300.14,-2.0665,None,Sikkim,Gangtok / Teesta Monitored Domain,"Observational grid (2.18km buffer from nearest event, real DEM & archive rain)",0,no_recorded_landslide_in_inventory,2.8,2.8,3.5,4.9,1.0,0.7999999999999999,59.42,-0.865,0.502,5,2,2022
27.3089,88.3611,2023-08-10,2046.0,29.04,300.14,-2.0665,None,Sikkim,Gangtok / Teesta Monitored Domain,"Observational grid (2.18km buffer from nearest event, real DEM & archive rain)",0,no_recorded_landslide_in_inventory,8.0,50.4,84.4,150.6,0.15873015873015872,0.5971563981042654,59.42,-0.865,0.502,5,2,2023
27.3089,88.4167,2021-07-15,1357.0,27.41,120.57,1.5214,None,Sikkim,Gangtok / Teesta Monitored Domain,"Observational grid (2.27km buffer from nearest event, real DEM & archive rain)",0,no_recorded_landslide_in_inventory,24.4,58.8,154.8,409.0,0.41496598639455784,0.37984496124031003,37.2,0.861,-0.509,1,2,2021
27.3089,88.4167,2022-01-20,1357.0,27.41,120.57,1.5214,None,Sikkim,Gangtok / Teesta Monitored Domain,"Observational grid (2.27km buffer from nearest event, real DEM & archive rain)",0,no_recorded_landslide_in_inventory,1.3,1.3,1.9,2.6,1.0,0.6842105263157895,37.2,0.861,-0.509,1,2,2022
27.3089,88.4167,2023-08-10,1357.0,27.41,120.57,1.5214,None,Sikkim,Gangtok / Teesta Monitored Domain,"Observational grid (2.27km buffer from nearest event, real DEM & archive rain)",0,no_recorded_landslide_in_inventory,14.4,85.1,160.6,254.4,0.1692126909518214,0.5298879202988792,37.2,0.861,-0.509,1,2,2023
27.3089,88.4722,2021-07-15,1187.0,31.44,189.52,-2.9537,None,Sikkim,Gangtok / Teesta Monitored Domain,"Observational grid (7.71km buffer from nearest event, real DEM & archive rain)",0,no_recorded_landslide_in_inventory,49.2,123.0,224.4,560.8,0.4,0.5481283422459893,37.32,-0.165,-0.986,0,2,2021
27.3089,88.4722,2022-01-20,1187.0,31.44,189.52,-2.9537,None,Sikkim,Gangtok / Teesta Monitored Domain,"Observational grid (7.71km buffer from nearest event, real DEM & archive rain)",0,no_recorded_landslide_in_inventory,0.1,0.1,21.6,56.7,0.1,0.004629629629629629,37.32,-0.165,-0.986,0,2,2022
27.3089,88.4722,2023-08-10,1187.0,31.44,189.52,-2.9537,None,Sikkim,Gangtok / Teesta Monitored Domain,"Observational grid (7.71km buffer from nearest event, real DEM & archive rain)",0,no_recorded_landslide_in_inventory,11.2,41.2,161.6,361.8,0.27184466019417475,0.25495049504950495,37.32,-0.165,-0.986,0,2,2023
27.3089,88.5278,2021-07-15,2010.0,0.86,180.0,-0.0909,None,Sikkim,Gangtok / Teesta Monitored Domain,"Observational grid (3.24km buffer from nearest event, real DEM & archive rain)",0,no_recorded_landslide_in_inventory,23.6,51.1,155.6,403.1,0.46183953033268105,0.32840616966580977,1.73,0.0,-1.0,1,1,2021
27.3089,88.5278,2022-01-20,2010.0,0.86,180.0,-0.0909,None,Sikkim,Gangtok / Teesta Monitored Domain,"Observational grid (3.24km buffer from nearest event, real DEM & archive rain)",0,no_recorded_landslide_in_inventory,2.8,2.8,3.5,4.9,1.0,0.7999999999999999,1.73,0.0,-1.0,1,1,2022
27.3089,88.5278,2023-08-10,2010.0,0.86,180.0,-0.0909,None,Sikkim,Gangtok / Teesta Monitored Domain,"Observational grid (3.24km buffer from nearest event, real DEM & archive rain)",0,no_recorded_landslide_in_inventory,8.0,50.4,84.4,150.6,0.15873015873015872,0.5971563981042654,1.73,0.0,-1.0,1,1,2023
27.3089,88.5833,2021-07-15,977.0,34.32,101.14,-4.9517,None,Sikkim,Gangtok / Teesta Monitored Domain,"Observational grid (3.38km buffer from nearest event, real DEM & archive rain)",0,no_recorded_landslide_in_inventory,23.5,78.5,136.9,350.7,0.29936305732484075,0.5734112490869248,33.53,0.981,-0.193,3,2,2021
27.3089,88.5833,2022-01-20,977.0,34.32,101.14,-4.9517,None,Sikkim,Gangtok / Teesta Monitored Domain,"Observational grid (3.38km buffer from nearest event, real DEM & archive rain)",0,no_recorded_landslide_in_inventory,0.8,0.8,7.3,27.9,0.8,0.10958904109589042,33.53,0.981,-0.193,3,2,2022
27.3089,88.5833,2023-08-10,977.0,34.32,101.14,-4.9517,None,Sikkim,Gangtok / Teesta Monitored Domain,"Observational grid (3.38km buffer from nearest event, real DEM & archive rain)",0,no_recorded_landslide_in_inventory,7.3,62.7,139.8,254.4,0.1164274322169059,0.4484978540772532,33.53,0.981,-0.193,3,2,2023
27.3089,88.6389,2021-07-15,1647.0,26.29,194.32,-2.522,None,Sikkim,Gangtok / Teesta Monitored Domain,"Observational grid (2.6km buffer from nearest event, real DEM & archive rain)",0,no_recorded_landslide_in_inventory,24.6,73.5,165.9,376.7,0.3346938775510204,0.4430379746835443,43.3,-0.247,-0.969,2,2,2021
27.3089,88.6389,2022-01-20,1647.0,26.29,194.32,-2.522,None,Sikkim,Gangtok / Teesta Monitored Domain,"Observational grid (2.6km buffer from nearest event, real DEM & archive rain)",0,no_recorded_landslide_in_inventory,4.0,4.0,24.3,75.9,1.0,0.1646090534979424,43.3,-0.247,-0.969,2,2,2022
27.3089,88.6389,2023-08-10,1647.0,26.29,194.32,-2.522,None,Sikkim,Gangtok / Teesta Monitored Domain,"Observational grid (2.6km buffer from nearest event, real DEM & archive rain)",0,no_recorded_landslide_in_inventory,1.2,70.2,92.3,207.2,0.017094017094017092,0.7605633802816902,43.3,-0.247,-0.969,2,2,2023
27.3467,88.25,2021-07-15,1904.0,37.8,320.13,-7.8625,None,Sikkim,Gangtok / Teesta Monitored Domain,"Observational grid (3.7km buffer from nearest event, real DEM & archive rain)",0,no_recorded_landslide_in_inventory,40.6,128.0,173.6,500.8,0.3171875,0.7373271889400922,71.97,-0.641,0.768,2,3,2021
27.3467,88.25,2022-01-20,1904.0,37.8,320.13,-7.8625,None,Sikkim,Gangtok / Teesta Monitored Domain,"Observational grid (3.7km buffer from nearest event, real DEM & archive rain)",0,no_recorded_landslide_in_inventory,4.9,5.9,21.5,41.5,0.8305084745762712,0.2744186046511628,71.97,-0.641,0.768,2,3,2022
27.3467,88.25,2023-08-10,1904.0,37.8,320.13,-7.8625,None,Sikkim,Gangtok / Teesta Monitored Domain,"Observational grid (3.7km buffer from nearest event, real DEM & archive rain)",0,no_recorded_landslide_in_inventory,3.7,48.5,101.7,149.4,0.07628865979381444,0.4768928220255654,71.97,-0.641,0.768,2,3,2023
27.3467,88.3056,2021-07-15,1616.0,29.85,56.07,-4.4769,None,Sikkim,Gangtok / Teesta Monitored Domain,"Observational grid (2.13km buffer from nearest event, real DEM & archive rain)",0,no_recorded_landslide_in_inventory,25.0,63.6,114.1,387.5,0.3930817610062893,0.5574057843996495,48.24,0.83,0.558,2,2,2021
27.3467,88.3056,2022-01-20,1616.0,29.85,56.07,-4.4769,None,Sikkim,Gangtok / Teesta Monitored Domain,"Observational grid (2.13km buffer from nearest event, real DEM & archive rain)",0,no_recorded_landslide_in_inventory,7.6,7.6,20.5,25.9,1.0,0.37073170731707317,48.24,0.83,0.558,2,2,2022
27.3467,88.3056,2023-08-10,1616.0,29.85,56.07,-4.4769,None,Sikkim,Gangtok / Teesta Monitored Domain,"Observational grid (2.13km buffer from nearest event, real DEM & archive rain)",0,no_recorded_landslide_in_inventory,0.8,67.8,100.6,146.0,0.011799410029498527,0.6739562624254474,48.24,0.83,0.558,2,2,2023
27.3467,88.3611,2021-07-15,2383.0,25.55,265.02,-2.7049,None,Sikkim,Gangtok / Teesta Monitored Domain,"Observational grid (5.06km buffer from nearest event, real DEM & archive rain)",0,no_recorded_landslide_in_inventory,27.3,69.4,138.8,415.4,0.393371757925072,0.5,60.89,-0.996,-0.087,0,2,2021
27.3467,88.3611,2022-01-20,2383.0,25.55,265.02,-2.7049,None,Sikkim,Gangtok / Teesta Monitored Domain,"Observational grid (5.06km buffer from nearest event, real DEM & archive rain)",0,no_recorded_landslide_in_inventory,12.1,12.1,39.1,74.4,1.0,0.309462915601023,60.89,-0.996,-0.087,0,2,2022
27.3467,88.3611,2023-08-10,2383.0,25.55,265.02,-2.7049,None,Sikkim,Gangtok / Teesta Monitored Domain,"Observational grid (5.06km buffer from nearest event, real DEM & archive rain)",0,no_recorded_landslide_in_inventory,1.4,55.6,90.9,164.2,0.02517985611510791,0.6116611661166116,60.89,-0.996,-0.087,0,2,2023
27.3467,88.4167,2021-07-15,2696.0,30.76,93.27,3.5457,None,Sikkim,Gangtok / Teesta Monitored Domain,"Observational grid (5.18km buffer from nearest event, real DEM & archive rain)",0,no_recorded_landslide_in_inventory,26.3,65.4,164.7,422.1,0.4021406727828746,0.39708561020036437,82.93,0.998,-0.057,0,3,2021
27.3467,88.4167,2022-01-20,2696.0,30.76,93.27,3.5457,None,Sikkim,Gangtok / Teesta Monitored Domain,"Observational grid (5.18km buffer from nearest event, real DEM & archive rain)",0,no_recorded_landslide_in_inventory,6.3,6.6,13.9,19.4,0.9545454545454546,0.4748201438848921,82.93,0.998,-0.057,0,3,2022
27.3467,88.4167,2023-08-10,2696.0,30.76,93.27,3.5457,None,Sikkim,Gangtok / Teesta Monitored Domain,"Observational grid (5.18km buffer from nearest event, real DEM & archive rain)",0,no_recorded_landslide_in_inventory,17.5,89.5,166.7,311.0,0.19553072625698323,0.5368926214757049,82.93,0.998,-0.057,0,3,2023
27.3467,88.4722,2021-07-15,753.0,36.1,88.52,-5.7957,None,Sikkim,Gangtok / Teesta Monitored Domain,"Observational grid (9.01km buffer from nearest event, real DEM & archive rain)",0,no_recorded_landslide_in_inventory,49.2,123.0,224.4,560.8,0.4,0.5481283422459893,27.18,1.0,0.026,0,3,2021
27.3467,88.4722,2022-01-20,753.0,36.1,88.52,-5.7957,None,Sikkim,Gangtok / Teesta Monitored Domain,"Observational grid (9.01km buffer from nearest event, real DEM & archive rain)",0,no_recorded_landslide_in_inventory,0.1,0.1,21.6,56.7,0.1,0.004629629629629629,27.18,1.0,0.026,0,3,2022
27.3467,88.4722,2023-08-10,753.0,36.1,88.52,-5.7957,None,Sikkim,Gangtok / Teesta Monitored Domain,"Observational grid (9.01km buffer from nearest event, real DEM & archive rain)",0,no_recorded_landslide_in_inventory,11.2,41.2,161.6,361.8,0.27184466019417475,0.25495049504950495,27.18,1.0,0.026,0,3,2023
27.3467,88.5278,2021-07-15,2558.0,42.6,0.0,-5.5435,None,Sikkim,Gangtok / Teesta Monitored Domain,"Observational grid (7.02km buffer from nearest event, real DEM & archive rain)",0,no_recorded_landslide_in_inventory,26.3,65.4,164.7,422.1,0.4021406727828746,0.39708561020036437,108.97,0.0,1.0,0,3,2021
27.3467,88.5278,2022-01-20,2558.0,42.6,0.0,-5.5435,None,Sikkim,Gangtok / Teesta Monitored Domain,"Observational grid (7.02km buffer from nearest event, real DEM & archive rain)",0,no_recorded_landslide_in_inventory,6.3,6.6,13.9,19.4,0.9545454545454546,0.4748201438848921,108.97,0.0,1.0,0,3,2022
27.3467,88.5278,2023-08-10,2558.0,42.6,0.0,-5.5435,None,Sikkim,Gangtok / Teesta Monitored Domain,"Observational grid (7.02km buffer from nearest event, real DEM & archive rain)",0,no_recorded_landslide_in_inventory,17.5,89.5,166.7,311.0,0.19553072625698323,0.5368926214757049,108.97,0.0,1.0,0,3,2023
